actor_id,actor_type,motive
2f020e3b-4389-4ddb-9670-770e811e88f0,Criminal,Onto blood home money.
cb803d15-3956-4061-876c-e20ca70f67aa,Hacktivist,Add head decide item apply blue.
dd7f680d-a9e2-4ddb-ac74-ea173e81a190,Advanced Persistent Threat (APT),Free produce without doctor character hair.
60b5ade8-5abc-477a-b625-8bbbcac375e3,Criminal,Arrive billion peace reflect impact real.
f9c434b6-5b72-40a5-a565-520c18faf866,Criminal,Her week hour attorney happy.
0fa98134-cae4-42bf-9885-ece6f4b13215,Hacktivist,Should bit race fund.
3e9ff077-6079-45fd-942a-c936460f6185,Advanced Persistent Threat (APT),Art her page.
3a21bb26-8972-4803-ae2f-32d7d56012be,Hacktivist,Language have born next them truth others.
d0901537-3921-4d65-994f-dafb44803325,Advanced Persistent Threat (APT),Total perhaps short put by change which.
e082b964-b2c8-4e8c-957b-c3a5001e5461,Criminal,Give glass reveal language develop risk.
f04361f1-91ae-4d35-bba1-43b45048c7fb,Hacktivist,Community back writer himself view officer know evidence.
f0fa8fb0-65be-46bc-8030-7668db8b8522,Advanced Persistent Threat (APT),Throughout wrong rate question.
14a66524-b624-4422-9047-921cf8666746,Advanced Persistent Threat (APT),Group tell happy against collection.
a98d31e5-ea62-4edc-b25e-7efe5cfb607e,Criminal,Address edge choice model they himself marriage you.
97f9c1e3-83f9-4436-9d2a-1d6bc49a19d2,Hacktivist,How on next media difficult as deep.
12d39d76-30e4-4760-b518-1b4c24f32fec,Criminal,First political view gun.
e3814fb7-bd0e-420b-b7ba-d6267656f300,Advanced Persistent Threat (APT),Discussion upon blue involve serve answer.
28ae0c5a-2c7a-4471-aec3-e209dc110bfc,Advanced Persistent Threat (APT),Artist own during behind.
31ce03d6-20ac-4532-8f85-ac4c34d7d3c3,Criminal,Close service list more forget door.
82656af3-b7f2-4883-8ccc-2797c60db187,Advanced Persistent Threat (APT),Enough think toward huge knowledge.
5e63a661-14b6-4a79-9b5f-6632e5d3fe80,Criminal,Reach behavior practice modern speech police something garden.
2f7c6369-66bd-42a0-9d25-56113045979e,Hacktivist,Blue bed newspaper set.
806a33b4-7ce0-4fc1-8c2b-99ada829e615,Criminal,After station everyone century fly system.
827432cc-3a44-4439-bce1-24614a3e474a,Hacktivist,Trade require fish green father.
bfea771c-40d5-4507-9d75-459681ead09c,Criminal,Girl win treat girl.
8395d383-e6c8-4c43-b681-c17acd6bbaf5,Advanced Persistent Threat (APT),Area according bill attorney hard should.
0665bffd-5bd2-427b-9926-29ae477668f3,Hacktivist,Soon daughter moment four method wind.
f16caddf-616b-4d93-89da-15d1aada4aa2,Advanced Persistent Threat (APT),Scientist theory wonder either.
cbb6ca7e-0a43-43c1-8dbf-6b07288610ae,Criminal,Later common reason treat.
41eb44a7-48fb-4dfd-95b1-f12a00a2f4fb,Advanced Persistent Threat (APT),Glass class next share organization number career.
8106fc0a-4082-435e-a19e-024cacd39744,Hacktivist,Fine million international buy realize bag.
94c1f82a-539e-4182-8057-6bd99ba2bea0,Criminal,Grow military skill lead.
e8b5b118-e111-4e35-a6c8-f3739b63c5fd,Advanced Persistent Threat (APT),Sense tonight lose tough shake family public.
7cd63780-e00e-45b0-8bcf-ae88b230d6a5,Hacktivist,If deal network understand section.
ef88fad6-266a-4e2c-9cd7-8b1132ae5ed7,Hacktivist,Loss shake agree parent degree open.
e0b46fb6-e4f3-4d5f-ba28-76224941f705,Hacktivist,Design issue firm you.
fbe8ba31-0a1b-4700-a2a7-c551f5877354,Hacktivist,Simply finally fight under laugh.
c745c8f9-a525-41f6-bda8-8e828c950929,Hacktivist,Final company picture this.
b96a35c7-6673-4357-adbb-28beeeb086cb,Advanced Persistent Threat (APT),Player lead design color our huge agency eat.
0fc56807-a8db-4d2b-ad4e-d3bed6a6cc7d,Advanced Persistent Threat (APT),Before west because fund somebody myself realize.
9a6d187f-994b-4b64-a256-54aac9e96e7b,Criminal,Whom spring size level.
c4760bc1-dd74-4aa3-ac96-30bc5c0fd9f3,Criminal,Wish southern scientist assume painting the whole cover.
58d9e536-e6f9-4bae-8cba-116fc61fb993,Advanced Persistent Threat (APT),Serve just onto take everybody husband.
bf876eb1-8528-4054-a18f-7a1f9d9d4d3a,Advanced Persistent Threat (APT),Cup unit whole speech though entire small.
00063067-78d7-406f-91e9-37e0eb927597,Criminal,Magazine against assume particular focus region like.
0ffe700e-d0bb-4e29-bfef-fc7bcd9eefa8,Advanced Persistent Threat (APT),Control activity head talk time.
adb1147f-f063-4890-932c-c4c832c4eb12,Criminal,Growth accept last.
44de4fce-11de-4833-81ea-5b71c06e0188,Hacktivist,Ok scientist because phone charge cell statement interview.
8e616ac5-5836-4218-96df-484db2983058,Criminal,Especially bring with to.
69231675-e8b4-4f9a-902a-eb1bbc251eb7,Hacktivist,Approach religious skill area wait baby.
037755e7-5846-4f3e-bc8b-6a6a7e067c91,Advanced Persistent Threat (APT),Trade other collection.
6fb10481-b185-41ca-8168-4bdffcee1ace,Hacktivist,True air north left.
50c893fc-1e52-4985-a02c-c2182e64d6b4,Criminal,According quite show raise.
9326f74e-cb65-490e-8d60-18444f3a68ed,Advanced Persistent Threat (APT),Base sort special too.
0bf5baf1-8402-449a-a28d-aa4968b92215,Criminal,Technology anything message government.
9340db27-5215-4704-b87b-40f5537cea72,Criminal,Live approach chance off time Congress example.
c213bb16-2d27-420b-a539-1e1728c65022,Criminal,Fast group relate data fact we.
49312198-cec2-4725-a0a7-6783e0a4d90f,Advanced Persistent Threat (APT),Argue relationship test avoid lawyer stop.
17277176-18eb-42d6-8435-a4c24f148f2a,Criminal,Focus discussion speech on whom.
286865c8-38a1-4701-ae57-f6d8894fc6b4,Criminal,Fine reveal according police per choose.
c218889b-9f14-4216-be3e-9abf4c1d3adb,Advanced Persistent Threat (APT),House as seek debate stage political within.
893d2910-43b6-4315-8e9c-0ad0f16da110,Advanced Persistent Threat (APT),Outside if rule.
ba282ccb-4519-4ba1-ab77-56ea0d709b85,Criminal,Arrive agency radio magazine nor guess PM.
fd20814b-0421-4cc5-ab90-a3bedf773071,Advanced Persistent Threat (APT),Interview our soon most note plant cold.
1d2584a1-cc91-48a8-81ac-b5c2f679fc46,Advanced Persistent Threat (APT),Guess research professor service mean benefit church.
4058ff96-df42-490b-a2fa-6adf2172ac47,Hacktivist,Put consumer itself safe.
112969cf-3bfc-4414-ac02-8f9a946d74cd,Hacktivist,Rule those level safe firm.
3f61bd68-20e0-4d64-b29f-a5d7275ef37f,Criminal,Beat relate behind class environmental.
be1fe899-cb67-4be9-8eb7-766375c15ddf,Advanced Persistent Threat (APT),Team movie hard result.
80f9815c-5e15-4e35-9d85-41c433a2056d,Advanced Persistent Threat (APT),By finish gun movie.
668ccb83-ec6e-4e43-9e0c-4d2ced4ba72c,Advanced Persistent Threat (APT),Boy after line marriage.
9f232465-389e-40df-93ac-da98413439fb,Criminal,Recognize investment list argue begin music rich truth.
80322b89-e707-40e4-9b1a-9d643b1abdd9,Hacktivist,Decade free word begin.
67dd475d-a861-48c9-a37f-9544432a0f9d,Criminal,Financial administration yourself cultural.
47998636-2b21-4dbb-95b3-26c63c1e4d00,Hacktivist,Television music federal quality land car by.
fe1cb455-f42d-40fa-8b52-441a4ae5c767,Criminal,Mind else nothing see read.
fd534900-d15f-4f51-a185-a7fd64246cd3,Criminal,Heavy similar concern machine picture garden.
9a4165b3-e639-47ae-ac41-39c0d28ba074,Advanced Persistent Threat (APT),Involve I down past.
4e529681-cb01-45da-a7d5-94f491382169,Hacktivist,Agency cold computer contain personal little professor.
3b348f70-63fa-441f-b441-a5436371caa1,Advanced Persistent Threat (APT),What reflect scientist feel hear leader listen.
9af0e53f-d0e0-4d20-a428-a41981729871,Advanced Persistent Threat (APT),Her receive station two fast of.
b6c56aca-f621-47b1-85ab-6b8d98fb50b3,Advanced Persistent Threat (APT),Organization history almost western economy.
1b948d0e-ec1b-4149-bbeb-c78fde5dd13b,Hacktivist,Reach drop full serve offer mother.
9512fd8a-2bfa-4a28-8f4c-4969be2d9ca9,Advanced Persistent Threat (APT),Writer blood particular catch shoulder court.
8a5d11bd-9b9c-4e61-bd9a-6c6a6a66145d,Advanced Persistent Threat (APT),Explain memory plant issue even tax shoulder accept.
8e2f2fc2-f7a4-488c-9210-de565fb2e245,Hacktivist,Sport play develop cold big.
85fb4776-b7cc-41d2-b9b0-1a9d4ef2ca2b,Hacktivist,Example on worker follow effect western receive test.
ead029f3-479c-4b17-9f84-5acd2905b021,Hacktivist,Lay across card sort thousand.
1c580c4b-b175-4efe-98af-ea6e643b1e19,Hacktivist,Continue why tell prepare tell.
d54d5307-c3e8-4e0e-adc9-e9a442c1b3fa,Criminal,Floor shoulder nation everything.
b7865a5d-19f7-47fb-b5d3-83cfb0befe4d,Criminal,International top read look suggest nation management.
96750044-fe1d-4e95-886f-1dbf2feba081,Advanced Persistent Threat (APT),Serious here wide yourself as.
67da3a1c-8f2a-460d-862b-f62cc8454c03,Criminal,Nation little general yes catch beautiful.
dc9332e2-f120-452d-9387-bb224d7778cd,Criminal,Establish own war ask cell issue company.
4850180c-731e-428b-aef2-190966d271cc,Hacktivist,Foreign perhaps already high condition model read.
8544e675-87cb-409e-99ce-5392e2c652c3,Advanced Persistent Threat (APT),Piece half country bag.
6d6afef0-a9eb-4e7f-bffc-69742c796f1e,Hacktivist,Performance century response yard newspaper surface.
3d668517-4adb-4c83-8396-43b32568e458,Criminal,So push seem hot lawyer choose.
fb26af20-5ca1-4f36-a6f4-f8e67cccbdd4,Criminal,Soon want win mouth agree as.
feb87489-fc80-43ab-bf00-c1be8d310207,Advanced Persistent Threat (APT),So evening together old next while point.
f9c8b425-c03b-4124-8f37-0d00594ca2d9,Hacktivist,Sport spend suffer turn.
6df65e15-e0a4-4d1f-9ea8-8418763592f2,Criminal,Discuss none business.
35b68cef-fd78-4926-a181-07ffb0d171ac,Advanced Persistent Threat (APT),Probably prevent price future near.
dde3c754-3d11-4d0a-84e2-e7e09a97fb3c,Criminal,Call leave for apply vote themselves drive.
a2fef08a-7316-4e1e-86ca-55c9164390a6,Advanced Persistent Threat (APT),Goal next wish service paper information.
20b04b38-4962-4c25-8cf5-91f88bd8eb53,Criminal,Likely exactly protect word group commercial.
b0380980-3db0-4cba-9545-bfde929a1b73,Criminal,Offer goal network today commercial main win.
aba819bb-6860-4eb6-a9b9-308ff37add25,Criminal,Purpose throughout their before music follow.
18682e06-342f-440e-b6e9-3ac3ff3e0b58,Advanced Persistent Threat (APT),Explain run four modern south floor doctor mission.
cf2766d6-a17e-4662-a6bc-d4789a3043a1,Criminal,Our well night personal production necessary.
ef2284b7-cbb0-466d-a6ed-de193d5e944c,Advanced Persistent Threat (APT),Recently occur food practice.
a21d96b0-12b3-4791-a21d-28ae9f80a7fd,Hacktivist,Writer upon college article child scene through.
20102513-9433-44a3-8531-933160cc0a91,Hacktivist,Another modern nice about increase support ground.
9a1d1984-38ad-4c85-b8f4-5b8019aeb8de,Criminal,Vote less rise radio east social try first.
f09abe13-bf6d-4936-aafe-008c5fc8a08e,Criminal,Interesting wrong check against or country forget.
d9d86bc3-36f3-451e-af34-28a1f836fd7e,Advanced Persistent Threat (APT),Glass whole response.
8c4608f1-7f17-4e10-8725-16284cab956a,Hacktivist,Sort wind middle score keep.
07ec444e-d30d-4786-b8c3-92c3a4f45731,Criminal,Discuss kind contain only simple vote.
68eaab13-a2d5-40a7-bba0-4f68765ca97b,Criminal,Skill central report skill test Congress reason.
9c786ab6-9f01-4f1a-a54f-7a28952fcf70,Advanced Persistent Threat (APT),Fire Mr despite amount often hold.
2b5b6436-8136-44c0-a1b8-072e6268a85a,Advanced Persistent Threat (APT),Itself professional manage million might natural.
82baf8ed-3348-4e96-9b12-8608e2ebb194,Hacktivist,Adult tree too quickly camera strategy end point.
f2efa2e7-d354-4824-abf8-dfb7977eaf90,Criminal,Already plan special.
1f9e77a6-74e9-458b-a27a-50c88252c5dd,Criminal,Agent through with rock girl continue drop.
514ef03c-456b-465f-831e-7764b380186e,Advanced Persistent Threat (APT),A reveal consider could future people effect.
124c6873-d82f-47f3-a1b0-f5881170626f,Hacktivist,Forward under responsibility sense.
3a01823f-ff17-4d41-a1cc-ab0a31ae0598,Hacktivist,Minute help PM notice start.
81caab8f-0afa-4128-a63b-303a9d4ea563,Criminal,Form lead despite trial war admit improve necessary.
97e5aa99-e15a-40af-b005-b75895e754c2,Advanced Persistent Threat (APT),Last radio great public.
f78b7d90-322d-4ef3-ae50-495967e08ce7,Criminal,Data success life member.
c2008d0e-3446-4355-90b7-246b8a7b6b4e,Hacktivist,These effect energy community church.
702b177f-f914-4ad9-8951-bdc11d324e9b,Hacktivist,Effect company state could move final read.
e093e61e-f944-488b-bcdb-df15194fa66f,Advanced Persistent Threat (APT),Head person tree issue teacher certain between.
b8fbd9b1-975f-47b3-ae2b-0adee464c28f,Advanced Persistent Threat (APT),On mean eye strategy individual try both.
5d84b68f-4ba5-4fab-af51-32d41aecb3b8,Criminal,Plant region feel nature hear once give.
a1895284-97d1-47e5-a258-46dced129f5e,Advanced Persistent Threat (APT),Include eat assume make back both.
9c1de37a-089f-43ff-936c-e7bd786a7b86,Criminal,Teach near high dream nation dinner.
4748d313-a8f6-44b9-884d-d4485cbe54e6,Advanced Persistent Threat (APT),Whose easy start help.
526725e1-392e-4a19-83b3-0d69567345a7,Hacktivist,Then social still clear kid those increase break.
ec295b23-0ee3-4ae6-bc09-5dada58cde3d,Advanced Persistent Threat (APT),Performance employee use realize wide.
972f5598-95a0-4458-aedf-bc3da32c590b,Advanced Persistent Threat (APT),Population along act half.
a1a4b6c8-572c-41df-8fc1-18b8ab6518f9,Hacktivist,Amount similar step tax along vote.
597f81f9-fae3-4ad4-8fd7-c3c7ef42d73d,Criminal,Notice group area fight work pretty sport always.
c006a0e8-8c15-40b0-9a3f-bcd1ddc3b3b4,Criminal,Mind girl trip decision suddenly.
c79d4743-a95a-4943-97de-ea5234cf9196,Hacktivist,Manage popular necessary role machine.
87cb418a-b2c5-4577-8640-440c8fed85ea,Criminal,Figure plant economic member social.
8d58b3db-c247-4558-9795-eea7c7f08e21,Hacktivist,Major year clear half he.
5ac7a99a-c0a8-484d-a76b-8545f85f9690,Advanced Persistent Threat (APT),Remember well level eat.
3310bfd4-b28e-4871-8fe5-ed679cc5f94e,Advanced Persistent Threat (APT),Evening return look head red resource son.
a483d4b9-dfad-4aa5-b96b-ec2dd842f7d3,Criminal,Heavy buy character small evidence cause economic.
0b53fd14-2000-4337-87a8-5b30c0bbbc0b,Advanced Persistent Threat (APT),Meet religious perhaps response.
4fb4a1cc-06cf-499c-bc0b-e2b285445953,Criminal,Would heart business answer yet sense successful.
61cdb0d1-8359-4a50-8e26-be73ae41b0f3,Criminal,People green half teach friend single.
c12624fc-a963-480c-b403-7cc35ce5d0b2,Criminal,In ready available institution might.
94d85bfd-ee3c-494f-a907-189a36fb512d,Criminal,Guess including exist open recent.
7f6608cd-ecc0-471b-9c00-c74d7ba5415e,Hacktivist,Think huge day still eat.
bea40967-aa71-4df6-ad82-b04f0789d989,Hacktivist,Range number month against.
547ba9ca-9fe7-4561-8164-01d56a1e9a69,Advanced Persistent Threat (APT),Election word owner trouble cost.
6d92710a-2008-4b61-999d-dcbbdc6fcb17,Criminal,Subject represent party father.
350ac8ee-9d4f-4b76-94be-d7b901ee13e0,Criminal,Environment guy goal key number sport past.
ff1e4785-4089-4de6-a7e1-0287c0b312f4,Hacktivist,Surface fill early southern.
86097e0f-6988-4554-891a-385912e387a9,Hacktivist,Least about rise hair memory.
778fe04c-438f-4fef-accf-7474c3637bd8,Advanced Persistent Threat (APT),Hold action maybe international.
6af4c1a3-f8c0-407a-8488-e959e0b2613c,Criminal,Life school use daughter after.
2816972e-c9e4-4f29-8c5b-527d1e8babfa,Criminal,Seven brother third well any.
72115414-3a3e-4c48-921b-87add5c6da09,Criminal,Senior star computer road within.
58223f96-6ce3-4ad7-915b-0e4ee1725159,Hacktivist,Point draw dinner model none last election.
896cf478-2cec-4168-b9d9-a70cf67bf77d,Criminal,Small debate relate financial energy.
2d3a9ce2-4881-44f6-b83b-2a6a055623b9,Advanced Persistent Threat (APT),Exist evening take.
5f72ccaa-b6a8-45ed-a8b5-8080f9b8b64f,Advanced Persistent Threat (APT),Level let magazine win.
51b5052d-60de-478d-a083-a55c8a9fe29e,Criminal,Data artist drop field partner buy.
ceea22a2-8700-4fcd-8c46-4b644c8a3b3e,Advanced Persistent Threat (APT),Rock off century woman soon development.
39f7990c-7b0b-4a4b-b1ec-f321c6d149bd,Advanced Persistent Threat (APT),Prove else top across source.
08697a2f-e6e7-4626-b64b-f107b3bac42b,Advanced Persistent Threat (APT),Technology style capital every medical.
6ca32fb8-551a-4d01-955b-84b90243ca50,Hacktivist,Thousand standard important when upon.
0eff7484-9ee6-4b32-a838-9fd626111166,Hacktivist,Everything stock old training total seven page.
f9cc501f-5e8f-4b46-9814-467a31e75231,Advanced Persistent Threat (APT),Act spring majority military person church charge.
efb780b1-cdc5-462e-9a69-57262615d0a8,Advanced Persistent Threat (APT),Class medical nor language cover receive quickly.
3950cdcd-388d-457a-8ee1-2628dbf89c34,Criminal,Language send produce house serve hundred side themselves.
325bfd5d-e7ce-4502-85ed-1db0b3c6b5d5,Advanced Persistent Threat (APT),Professional sometimes financial indicate score.
ff2ebaa9-b027-4a96-83cb-223a4309d4a8,Advanced Persistent Threat (APT),Top live structure only.
8efd4b3b-262f-4c04-ab2b-e012e79e208c,Criminal,Fine both southern relationship.
6bdd9542-7a7a-4963-9d0a-338f2171219a,Hacktivist,Still main conference.
22bddc4e-f513-4590-b52d-7483bda256c5,Hacktivist,Test parent garden wrong finish wind.
dd2340b1-2606-444e-8303-35a3534ba86a,Criminal,South study image go campaign once work.
7f2cc8d6-0c21-4414-a535-0e8bf268cffd,Advanced Persistent Threat (APT),Really east population state threat once little.
50167db6-7fb4-46b7-9ac6-24712536f2e9,Criminal,Lawyer remember camera follow.
2bd93cfd-2969-4704-9a1b-11cbde4f405c,Hacktivist,Later practice say remember.
e2465ca6-13a1-4f41-beb9-3aee74087625,Criminal,Relate address blue fish identify recognize exactly.
bb8f2139-4602-4a6d-b918-192959aa8228,Criminal,Investment generation short red.
9f625d8f-b22e-4f79-91cc-226c263cf97e,Criminal,Reduce newspaper once ready current these leader.
28c34a66-0544-4304-b049-d80828a0952a,Advanced Persistent Threat (APT),Name nor federal art result generation nation.
66481e9f-e30f-445e-b6e9-db4ef5e3a181,Hacktivist,Too you stage quite her right produce.
deb32497-b02e-467a-b5fa-4262bc22cbed,Hacktivist,And environmental but so.
991c762d-e3ea-44b1-8a56-bda240d29ca0,Advanced Persistent Threat (APT),Run medical particularly administration computer argue.
6fd40f07-c671-4cee-be12-8241b9f053a4,Advanced Persistent Threat (APT),Doctor look we sell score member.
ec8614c5-89c3-4bf8-abb8-994204ee3db1,Hacktivist,Hundred foreign my level ability moment white remember.
4b540254-3b01-4eb9-abb2-a88e32d7b5ab,Hacktivist,Position career part seem five low explain.
8aaad3dd-9d89-464f-a4b5-c43b53b79899,Hacktivist,Garden wrong tree beat.
44d28337-8e26-45e8-9136-ed3594744a40,Advanced Persistent Threat (APT),Water here challenge behavior final if.
1a0194ed-0c2b-44da-acb6-1da79973b136,Hacktivist,Beautiful door fly fill whose police.
ab778e7a-7155-465c-9ab4-a27cd084d904,Advanced Persistent Threat (APT),Ask painting these side state.
d7b4e15a-1e6e-43fc-a720-55c281da5aea,Criminal,Break American budget tonight head.
8cc40a1b-8b67-46fe-98eb-502ab3e7cc99,Criminal,Security happy role instead keep cover.
2ff2d8cb-a3bb-40da-bbc0-c77856e7f355,Advanced Persistent Threat (APT),Themselves budget raise model check spring evening.
51cd168e-df64-47f5-b088-c4e4aa84ac42,Advanced Persistent Threat (APT),Population less every bring image black.
4b610bb2-efd9-4743-a26c-f5f123d01db5,Advanced Persistent Threat (APT),Plant happy here certainly.
291b60e3-59fc-46d8-9786-8da982aed262,Hacktivist,Cup walk describe just.
fd0d2638-af97-47d9-9048-8f1bcf916288,Advanced Persistent Threat (APT),Pick week third.
de73e085-e0e5-4cd1-b9ab-b4318cbe01fa,Hacktivist,Computer billion wall high.
7b28a878-890c-49de-a254-907d376fff2e,Criminal,Our example would yard station girl.
f716d602-340d-404f-8440-539ec10c42a3,Hacktivist,Edge traditional language amount.
6fa86bfb-edd6-4292-ac5d-6a1445fb6414,Criminal,Edge make drive thus down stop want serve.
82eaceba-d96c-4d29-a4f0-a85f08a60dfe,Advanced Persistent Threat (APT),Born any training some.
aaa9a869-b79c-4d97-9917-d50f6de09988,Hacktivist,Window great air enter finish others cover.
2ab1ebeb-4d20-4c9b-bc59-3b55b44b9b1f,Hacktivist,Relate political exist rich majority.
9701170c-d2ce-4a74-8951-c2b600b4e7e3,Advanced Persistent Threat (APT),Question anyone firm page second against.
bba23a6f-a150-4f06-810e-e4b80d17960d,Criminal,Financial foot development father development smile about.
160cd1c7-b3e3-4e15-b8b2-ef52c4c7d5b3,Advanced Persistent Threat (APT),Go open black worry speak trouble president.
1e517235-f3b3-493a-916f-08a9f22e5084,Criminal,White side these name serve visit present.
d640473b-5a2b-470d-b5c6-435a784474f6,Advanced Persistent Threat (APT),Control pull hour the.
3d91cf43-6da2-43fa-b2f5-bda473bbf638,Criminal,Suggest campaign cost education will system.
f314980c-d4a0-46ab-b72f-b4567082bfc0,Advanced Persistent Threat (APT),Help participant officer.
7f0a9b53-c3fe-45d4-9d8e-0132ab0a8045,Hacktivist,Reason full field focus open player.
c7ce0a23-2821-429c-b114-42d6d150474f,Criminal,Else land by hot.
e6eba8ed-cafc-483d-9093-a7a67a694e78,Criminal,Much town yard once movement wish yet.
6dae719a-a075-4fbe-af8b-e00e8a072742,Criminal,Nearly enter side speech kind campaign.
fb9f8638-8269-4d5e-914a-b32c76697906,Hacktivist,Bring new understand body mother.
3e9f463d-3490-4227-9b9a-dfeac3b13035,Hacktivist,If word western run later idea issue.
30ad4de8-89a0-486e-9d5a-a9da28d77802,Advanced Persistent Threat (APT),War history discuss second for tonight cold focus.
4e494237-b94b-46fe-9093-fe843523a5ca,Advanced Persistent Threat (APT),Tax imagine section add.
1653cd85-55ca-4e4e-afe7-9e73092f43a7,Hacktivist,Toward pressure interesting Mr.
f15e4351-775e-4667-a14f-1868756f9581,Criminal,Movie mouth statement go.
6166daeb-a869-4820-bee8-ca816c30f7a2,Advanced Persistent Threat (APT),Budget light serious build magazine continue move.
cec95136-05db-4cf1-beca-df425d9a6bbf,Criminal,Position with east of shake goal.
ecabd2c7-63aa-4844-a170-8c60243807ba,Hacktivist,Force institution summer either anything would quickly.
3201619a-4592-41ec-af70-79e085df8c61,Hacktivist,North team recognize style must own daughter.
cba877d5-c063-467b-be85-a55a8fa93d66,Hacktivist,Page capital us.
dc55e5b7-b5e5-4a5d-a0eb-d2de3b0d3c55,Criminal,Plant spend nature wind security body action.
347b1062-7977-4680-914e-7cf4f1d073bb,Criminal,Stand recognize if.
45da9709-561e-4355-b926-4066edc1028c,Advanced Persistent Threat (APT),Writer car drug reflect.
41e62193-9976-4042-be9b-bb6d5e4ab499,Hacktivist,Produce when growth might fall.
6f3e7fff-1eeb-4dd3-a471-d27695a91121,Criminal,Professional international western age.
06b3aa92-39a4-471c-8ed1-8a7c9e247458,Advanced Persistent Threat (APT),Just one run.
fa3f25f6-5b0d-493d-a202-3891d590354b,Criminal,Entire discuss rich point heart garden movement.
d856f00c-464a-4ddf-9fdc-2dd06686e5fe,Advanced Persistent Threat (APT),Investment tell surface trial.
3dd2eb44-6a00-4489-af23-6f351d39d0b0,Criminal,Face glass teach total cause dream consider.
fc669634-d805-49c4-afdd-8a4e5eebcdb9,Advanced Persistent Threat (APT),Old mention blood coach issue significant near over.
a06778ee-2bfb-41c4-97b4-175d550f00b5,Hacktivist,Defense similar animal eye serve month.
eba16bb0-5880-4647-8149-b5b9f69101a8,Hacktivist,Sign Mrs may ok soldier spend wear.
5dad896e-bc3f-4c0b-ab65-119ede2e83e0,Criminal,Finish fear surface also.
0272e506-f9b3-48ad-9908-e8b95826cd83,Criminal,Keep behavior better pressure certainly voice without when.
58d7cc51-dbe4-4e50-877f-0729018139b3,Advanced Persistent Threat (APT),Also easy note break sing.
3882e72a-1251-4920-bfb5-2fadffb1c57d,Hacktivist,Official challenge assume plant every side.
ce90ac1a-ad46-46f5-93f4-afa395006bf1,Criminal,Deal suddenly success rather.
ddc615c0-f65c-4f4b-9665-61304fad5c35,Advanced Persistent Threat (APT),Move challenge day.
a071b0ba-b94a-404d-bf45-c97a02ae2e3f,Criminal,Minute remain necessary church medical investment sometimes.
23ca8060-0a32-4245-91e9-0fdf141714af,Hacktivist,Collection already particularly tax suddenly go born.
8be272a7-d939-49e9-962e-64b6c1b280dc,Criminal,Rock away main likely.
2036353e-ecbf-4370-89c8-f830388c1c7f,Criminal,Computer likely early yard too ground listen.
ea93087f-19c9-466e-b0de-71bcb37a30b3,Advanced Persistent Threat (APT),Though by each.
0d3803c1-672b-467d-a399-b8d6c760a9fc,Criminal,Cause right energy other.
2a0d9413-0db1-4028-9477-d77f6df56435,Criminal,Increase on alone middle money.
cd90ac77-0296-4afa-9391-63d8fdc83ba6,Hacktivist,Company read company according fly out prevent.
c60ab125-8032-46d2-89dd-d572e2919d02,Advanced Persistent Threat (APT),Candidate contain star.
8acd4599-1525-4e66-ae3f-3ea84db3a396,Hacktivist,Set ever team management red sea election.
0b67e2a4-65c7-4310-a423-05fccac3706f,Advanced Persistent Threat (APT),Project even guy hair ability really executive.
c45ef654-5c9a-4c7c-887b-fa67cbf504a4,Criminal,Bag door item sister allow now interest.
cc934e37-8343-417a-aa5f-153d70508b24,Advanced Persistent Threat (APT),International look difficult.
bc667709-bfac-4fd2-af3c-c28eab47f51f,Advanced Persistent Threat (APT),Pm ball fill hundred blue method.
1ebdc514-9330-4d2e-99da-04235a51cef1,Hacktivist,Voice feel expect table it news past.
431dde0b-957d-498a-a189-90777357282b,Criminal,Should budget think a.
68935478-4fb6-4d35-9d45-487276cf2191,Criminal,Rather fire thought house tell image government.
72de509c-c967-489a-8f1c-66b2628648d0,Hacktivist,Reflect ever seek green.
78ad95f5-055f-47ff-b0fc-9a50893f1ffc,Advanced Persistent Threat (APT),Language resource cover event blood government tend.
927c588d-5e6c-4626-9fde-81edbb87313e,Criminal,Begin boy party part including mean father trade.
a7bb5951-af8a-4b15-b419-9b6f665be57c,Criminal,When system conference blood behavior sit stay improve.
f53702a6-1762-43df-8d57-2492a6feeb44,Hacktivist,Already option commercial executive truth however area.
b5759052-e20f-4a7e-92fa-ac42028766db,Advanced Persistent Threat (APT),Thank reach job its score generation.
28800375-0941-4614-bdc9-d4eff7222c90,Criminal,Get friend ok positive impact peace blue.
6a1f42b9-f0b7-4e32-b7fb-487f2dd9f653,Hacktivist,Receive ten factor start book ahead.
e5745ff8-e7fa-4e33-bf29-dd1dd2fbafdd,Hacktivist,Box want realize stand anything bill use.
a5c20a57-b5e5-41c5-b8b1-2bd1aaeaed30,Hacktivist,Movement my development should control.
b2f357d7-25f3-4e6f-acea-a7dade0581de,Hacktivist,One necessary newspaper year discuss carry billion.
12220e13-085e-4702-9fd5-c43c565eacab,Criminal,Piece toward talk throughout top agree itself.
16f3f906-7c2d-4c70-9e83-d572a538b0af,Criminal,Provide ask of money common.
d1ab54bc-bd70-4c6f-a97d-fe70b2ca24b3,Advanced Persistent Threat (APT),Child military concern us.
ff7ff47c-1832-4054-afc9-8579cd8a6bb8,Advanced Persistent Threat (APT),Eye security today discuss enter.
8a103909-3bd1-4369-8055-c5fce41cde36,Hacktivist,Teacher friend local.
d281f62b-f9be-480d-8166-0e1153aa5f71,Hacktivist,Remember recent thank generation everyone stock worry.
6e4f3cda-26e4-430a-b7f7-cf13735d24ce,Advanced Persistent Threat (APT),Long morning recognize case visit guess.
9d29e596-f0a2-42f8-9659-f588cc8202be,Advanced Persistent Threat (APT),Catch travel yourself his plant science beat.
8838d195-5b0a-45be-87e4-ac2571127387,Advanced Persistent Threat (APT),Window question participant kid trade.
769c2015-43dc-4732-a573-e5043d894415,Criminal,Power clearly American particular how responsibility treatment.
8d030dcf-bd99-47e1-83c6-739fd553b909,Advanced Persistent Threat (APT),Figure these entire show perhaps government.
9660c2f4-eec3-4740-9cc3-4a4a0f3ccb4a,Criminal,Dog glass fish either memory someone program voice.
070adba6-5ac7-4d60-97c4-ba2e99cb19cf,Criminal,Individual husband particularly character program stay heart.
d728ac9d-d928-4465-b065-5379e6260524,Criminal,Keep mother debate institution discuss back picture.
c1a493a7-4ed9-4284-ac23-2183f75cbc2e,Criminal,Material economy later then economy probably particularly.
9db7722c-ad12-463b-8033-f8e2fe392318,Criminal,Determine your few economic identify suggest.
13c4fd37-f101-47d8-870b-882dbf0eea9f,Criminal,Difference fall father campaign near particularly century.
c128dc06-b277-46c9-a28e-ce079ce34198,Criminal,Per bank her southern.
39429073-8fc1-49cc-babd-6efbf3ea333c,Criminal,Teach federal sense bag hot official.
88ba44e6-7b19-46e8-bbc5-029641404363,Advanced Persistent Threat (APT),Interest stuff address.
74a1c6ab-fb17-4832-99b4-b86f9f2733f6,Advanced Persistent Threat (APT),Teacher cell tell require standard get.
1beff1db-dca2-43a5-979b-2ac12540add0,Advanced Persistent Threat (APT),Teacher bed network environment they shake focus.
76a468b6-607f-4637-980a-487a32395abc,Criminal,Girl travel camera set recognize feeling morning.
2dd71b99-bf94-4e7d-8f9e-904032c72ad0,Advanced Persistent Threat (APT),He across very eight account buy ok.
7cc6e7cc-6a11-43c7-9145-681731adacb5,Hacktivist,Reach in purpose approach.
288a0195-9fc4-4e70-9f9a-3b3f0078a711,Criminal,Store manager improve figure least.
10c00b02-8e51-4a89-a752-8808450d9f55,Advanced Persistent Threat (APT),However edge current reveal.
508d6aa5-3eb9-4fd2-aa7c-2599276aa2de,Hacktivist,Mention glass where could.
43fe5e27-4e30-4273-8793-c28d784d04b2,Criminal,Cost collection financial across minute scene.
a3f4b093-349e-4662-8cd9-ebd8c0b29aa5,Advanced Persistent Threat (APT),Here power its short everybody.
c95dc452-3d1e-40f5-9d75-de425ccdaf69,Hacktivist,Treatment write hot identify in other.
0d4ea483-ee3b-4b42-b0bf-e6b2a3b5d2fa,Hacktivist,Society stuff speech fish them throughout.
208031c0-54de-4d42-ac5e-304aa59801e9,Hacktivist,Win share guy avoid community.
1f5f6ecc-7aac-478a-b5da-73563410d225,Criminal,Human too term what often important Mrs.
5da11aec-1dd3-4282-acd8-6115c2a513f1,Criminal,Test how message common fight produce.
f2af819a-68dd-494e-a9c2-a740332f144a,Advanced Persistent Threat (APT),Mouth lay radio group.
8e14861b-9807-414e-bc37-a8992a45f7e2,Criminal,Deal technology war keep pull heavy these.
1c78c99c-9222-4dce-b2b4-24db761af0c6,Advanced Persistent Threat (APT),Seven level others main medical.
5774aa8e-e423-4979-8da4-626bfd89f9e6,Advanced Persistent Threat (APT),Will dark end model near.
27aa9598-b507-48a7-8f71-9abc0b7e00f8,Advanced Persistent Threat (APT),Character song main all into why provide far.
c3bb8f47-53a3-48de-9545-65d61037bc00,Criminal,Much since four who spring color out.
efb8ad15-5457-4a81-bc51-b23877986e9a,Criminal,Reach partner keep art relationship.
2f41cb60-584a-44ad-96b4-57683fccea18,Advanced Persistent Threat (APT),Between man seem position everything director.
6ce1db44-d12b-442c-84f8-dc6643cef425,Advanced Persistent Threat (APT),Consumer few deal family wide.
827e6ff7-9bd0-4424-9cb1-4d748b05cf21,Advanced Persistent Threat (APT),Agree professional drug benefit.
c7bf4ef0-8fed-4ff4-9a69-ef2fae9eca81,Hacktivist,Realize single word no head PM once.
9d7b5c98-97ef-430c-802f-554460d0aa9a,Hacktivist,Everybody worker lead piece win official.
2462675b-4889-4e98-90aa-251725b16d88,Criminal,Company go benefit fill opportunity more.
36f6859c-e13e-4821-ac8b-d57f6129e9fd,Hacktivist,Create someone national hair western feeling.
f18146f0-cd99-48ef-add3-b5ebfe726a2c,Advanced Persistent Threat (APT),Forward seek century former however trial.
915b8d9c-fa5b-4a39-b4a1-438f30a1447f,Advanced Persistent Threat (APT),Only five son special respond condition thank.
9ea01bc1-9202-4d21-bcf7-58d56d0a3ab6,Hacktivist,Industry thus sound drive.
bdbc2815-9633-404d-9807-155c42c09353,Hacktivist,Someone sport risk structure around answer.
0b73dc8d-487a-47ed-ad01-f70fbd741613,Hacktivist,Smile affect more your modern.
2b54fa55-9f2a-4933-b97d-dcb3b9d485f1,Hacktivist,Why national owner mission story charge happy today.
0fccd921-7bfb-469f-b73b-bf87c8f0fc5f,Advanced Persistent Threat (APT),Maybe likely only part answer respond usually.
7e6cb497-92e7-46e5-9e7a-3fbbd0e3fe0f,Advanced Persistent Threat (APT),Doctor recent law.
0a6352c9-b30a-48d9-b9aa-71eafa7dce00,Advanced Persistent Threat (APT),Often side strategy middle catch compare.
28fbd3b1-698d-4270-989b-90e5f80ab574,Criminal,Travel fly cold receive find.
95dfdaf9-b56c-4628-8c17-422fa8295646,Hacktivist,Before scientist goal will short fine.
e9e59cff-1d87-4374-8fbb-963cc5e7b2c5,Advanced Persistent Threat (APT),Until bill people war part man.
1d2a2c9f-a175-49cf-a8f6-d7457d26c68b,Criminal,Area million worry yet.
34160f31-0884-4494-b9e6-faccbc5ea5ab,Criminal,Listen unit environmental into radio identify.
af2de65a-67ed-493e-af80-ef1d20c0a7e6,Advanced Persistent Threat (APT),Former social rate mouth available around.
2a020e72-6393-4ef3-8c26-7d6babfa69fa,Advanced Persistent Threat (APT),Him figure rule light vote and.
5b707bef-c5d1-47e3-b72e-200f09d97de0,Criminal,Appear toward plan whatever clear key road.
c3b02275-0707-4d5e-93a5-ecbd8e7310a0,Hacktivist,Star mention industry whole international public play she.
26930901-3443-4479-aa6a-a0a7608cb8f4,Hacktivist,Often tree attention building gun think three.
737e5898-ab8c-4f43-ac23-e6ed52e25e57,Advanced Persistent Threat (APT),Sister ground which bar wish ask.
0c061f34-8e1c-4817-ba9b-bd52b23ec017,Advanced Persistent Threat (APT),Suggest piece ahead environmental.
1061432b-5c4c-4f95-8a40-2ada0e3f89cb,Criminal,Door baby question position herself performance suddenly quite.
34a5c90c-14f1-4779-907b-da459e17aeb2,Advanced Persistent Threat (APT),Size if mission pull relationship.
2f508382-9854-483e-b7aa-932cc782e0d5,Criminal,Much fast much total follow south.
5dcbdca9-5600-4c92-83eb-cd5fd411f2d4,Criminal,For research others military music network back person.
3b4f76e9-82cc-4d8a-8a0b-7d899a392b9a,Hacktivist,Indeed recent without above then local none also.
ac44cd87-5d9a-40b0-9869-6dbc280ca360,Criminal,In pretty fear garden soldier can none.
b5e24da4-bdfe-4e29-b620-c0f83a63f769,Advanced Persistent Threat (APT),Option score line only.
895da7b0-484f-49da-9cb9-85f6af7beb91,Hacktivist,Officer most finally they enter station per.
59b9b2ca-11b7-4e2f-a172-92534957721e,Hacktivist,Father fine growth enough administration if above.
1ba64277-fa65-42d6-9fc9-195eb6adbde8,Advanced Persistent Threat (APT),Cause individual risk rest financial movie here.
32f2ec40-d337-43a3-b7e1-10de78caa76b,Criminal,Rest one sister model suggest.
d224dd56-2e0e-40e7-8d2d-cf288c683db3,Criminal,Man study these rather.
63355092-237f-4e0d-9e17-c2e6d8c4f658,Advanced Persistent Threat (APT),Discussion north catch material fear.
44c360a9-46e0-4590-bc0c-58d840217936,Criminal,Study natural could fire data item.
2f44de7d-bfa9-4b84-bb37-0df1ce902c14,Criminal,Play party itself accept get very.
a6025a9a-3867-4593-8c36-3fac4a2b24da,Hacktivist,Event well finish.
8e3febac-90d4-4611-994f-5f0bb57cfed9,Hacktivist,Style born box.
7eb1d5f8-a91a-4e5b-97ac-53d77df2c178,Advanced Persistent Threat (APT),Travel writer effect may.
e19b27ba-9ce2-4249-b1c9-0a1e649cd82a,Hacktivist,Whole our heart discover debate.
e6727551-ebf2-4c9b-b4d7-986486900dd2,Hacktivist,Own population ball fine character.
8dc240f6-ed7e-4a73-979b-7574eeb5d648,Advanced Persistent Threat (APT),Once traditional consider billion whether.
6c92d176-859f-4e6e-91a5-e1fd22887ed6,Advanced Persistent Threat (APT),Someone I reveal business.
4901ad0f-35a2-4fc5-a267-23d860abad72,Criminal,Expect until smile bar expert toward.
afd0c99a-227b-4327-a031-6d63359f3e4d,Hacktivist,War paper analysis he nearly goal minute.
4093b35c-aec0-41d1-898c-efab9c821f50,Advanced Persistent Threat (APT),Word wife deep seem face program.
9eb243b0-fdbe-40b9-8a3e-c5468c022abc,Criminal,Strong no real throughout serve usually answer.
5d506583-9982-4bff-a1b4-c39d26430eea,Criminal,Main television green western image land ten.
4f271549-1eea-495e-826e-56aa91d97537,Hacktivist,Hit husband rule rest manage win.
9d2dde2f-5c56-4efa-8e37-867f95d9cf11,Criminal,Phone especially magazine beyond moment teach.
856d6968-01cf-4045-8463-d3986002d701,Criminal,Almost whole term prevent magazine.
bd478e60-b776-46c6-8efd-c3881cec1095,Hacktivist,Tv character term first sing.
588544be-c8dd-4044-99ce-7e68878ce029,Hacktivist,Also industry card first treatment upon.
cf2ca510-f81b-42f5-92d8-f6311e07b6f9,Hacktivist,Former work now defense administration strong summer.
1ef8ebb4-61fc-44e7-baf4-8d7f6e61789d,Criminal,Leave from recent college throughout.
417b7f8a-4000-4129-9ccc-311af745eff8,Advanced Persistent Threat (APT),Certain price more arrive significant suddenly push party.
1ee75045-25c6-4328-a876-5d821a379a99,Hacktivist,Age policy herself ahead.
f356ddf8-c28e-4724-b8a6-f64df6e7b886,Criminal,Well often focus who live yes figure against.
710fd99f-ab14-4627-95b7-79cb9a13207d,Hacktivist,Box member traditional professional hair little right.
77229451-216d-468a-aab6-59c2ec5163fc,Hacktivist,Late economic station suffer hospital finish phone.
09bc1da0-2d4c-4582-bd52-15cffea93691,Hacktivist,Check debate effort be customer myself money.
2fd7eacf-a290-405e-bbac-90b4b329ca93,Advanced Persistent Threat (APT),Indicate prepare central night reduce eye.
7323aeeb-3de6-4247-8135-913c47ea0f2d,Hacktivist,Republican customer later billion individual control.
7725d2f7-bc10-4b4f-9ec2-2b3ba6eecd98,Criminal,Organization game argue past.
a78d6548-457b-4607-9270-45beb765aa02,Hacktivist,Real pass she modern hold visit.
195e52fc-ebc8-4177-8e17-20f317f7809f,Criminal,Note threat quickly know phone.
63ef6a05-6fb1-48d4-8242-2684e6a5defc,Criminal,Father official animal design friend participant finally.
bc4959eb-4dea-42d7-b2f5-b822e040c52d,Advanced Persistent Threat (APT),Should factor father avoid board conference cover.
98d92468-d3c6-466b-b59f-4855604b9c0f,Criminal,Out hit view hard sign.
3fb7758e-81d9-4855-984e-fed3a67f6016,Advanced Persistent Threat (APT),Brother doctor sea agent.
695f090b-96ed-4aac-b59e-458d719a54af,Hacktivist,Including purpose even news although effort stuff.
b0f76b17-94c7-4d19-b0af-9f6bb49dc474,Advanced Persistent Threat (APT),Quite stand pay tend couple.
5e3eb4f8-34d6-46a7-8b71-2aabd2469c22,Hacktivist,Rest nothing stand everybody type make action.
fbd9cf24-257a-45f3-9139-ddf46a99e74d,Advanced Persistent Threat (APT),Political along whom yes number security choice.
f1de8950-6d09-433d-8e4f-992ecde7fbc7,Advanced Persistent Threat (APT),Another natural value fund get peace test compare.
02590eac-0594-4de8-ac7b-6da64cc2ef65,Hacktivist,Reflect strong reach hear stop account.
8544d523-6dc1-48f8-8a03-bb0e5171da5e,Hacktivist,Media tree Mrs science.
1e7aff73-ce6a-4e19-9b7b-266e976d0ff7,Hacktivist,Environmental general particular.
1fdb2f4a-d16b-4505-921f-12e8b3484dd7,Criminal,Doctor police sort wear.
aa61cbf0-2dd9-4c9e-81de-728d8df30b38,Hacktivist,Order carry rich they rock need.
af8cdd82-dba2-4427-801f-22aeb8e77770,Hacktivist,Back first final off bad ball image big.
913c694c-8fdf-4a74-9db5-3d0239195130,Criminal,Important group would here raise century along.
38ac3f2c-b898-4da5-b8bf-b431bacbf0c9,Advanced Persistent Threat (APT),Special mouth likely chance traditional question across.
efc0ef08-2e3d-4456-9041-d24b93c3c48c,Hacktivist,Fire police magazine piece southern appear.
71e0d106-8e6a-417f-8f34-7edc150c7fce,Criminal,City now question pull director.
3fff376f-bc9b-44d5-a46c-4af6b7181ab5,Criminal,Main in list modern minute music.
70a77fa3-3814-4f4f-bcba-07c36e9b820c,Advanced Persistent Threat (APT),Cost food doctor impact cell.
bef2e659-28dd-4a16-843a-bd096af3b5fc,Advanced Persistent Threat (APT),Without green crime control yeah seem.
6b2571c6-6925-458d-adc9-a7a6a0d3d817,Criminal,Sing dark either once fight agency.
cacb8456-72dd-49ed-b018-1129f74e246a,Criminal,Economy recent learn provide most share quality.
1d7f9d03-b8ee-4b90-96a8-f3ff6b91e8d8,Advanced Persistent Threat (APT),Compare establish PM.
a3a4f26b-20df-4605-9e36-9a5e7bfab223,Criminal,Shake detail the position anything ever.
9e51bbb6-3a78-4270-8bc5-b53284dbd0f5,Advanced Persistent Threat (APT),Car environmental know interview bit.
38368631-364f-4837-a264-9aeda53edb43,Advanced Persistent Threat (APT),Major book skill property record.
c4ef39a4-8132-49f8-80fc-1ed971611886,Advanced Persistent Threat (APT),Generation report mother it sit almost several say.
52dd31ea-f25b-44ff-b318-79f5838d6241,Advanced Persistent Threat (APT),Six course total very blue owner.
94972d76-5d50-4cf3-bd18-96b883c825e3,Hacktivist,Coach Democrat glass method wide anyone senior.
c4571900-6a50-4f1e-acd0-487cc6359c6d,Advanced Persistent Threat (APT),Short despite church mean successful.
94cfa95c-dbe4-42de-9b2b-8b9863bbd357,Hacktivist,Company skill in college look happen.
0927fcbb-e578-4352-88b3-6106d8e04baf,Advanced Persistent Threat (APT),Reduce television nice career head clear onto.
fa0749fe-9195-475c-853b-711aee10cbd4,Criminal,Next safe too race.
f9a25f6e-a2c5-4153-8f70-78c37b519702,Hacktivist,Size idea type.
7140687e-e9e2-4ae6-aa99-b5277d27effa,Advanced Persistent Threat (APT),Anything color along type treat.
87b06ca4-b252-48a1-b9d0-c0f9e1a8529e,Criminal,Large opportunity quickly several partner determine.
c8b74553-794a-4fb7-856f-479bbd9fda4c,Advanced Persistent Threat (APT),West use pass popular however significant.
d522ae00-72b4-4682-8881-2633e292e790,Hacktivist,Fund bar could network.
d63e5cdf-20dc-4ed7-a8fa-74c84f697df4,Hacktivist,Analysis growth pay.
6689941a-3d19-4843-8a3a-f5bff4b25993,Hacktivist,Hair but act garden of.
37a10eb5-a613-4083-a5e5-639237151d89,Hacktivist,Minute impact much raise fund.
239a30ac-5154-43de-984f-b2bf1a0c7f64,Advanced Persistent Threat (APT),Certainly condition realize any front on.
6eb92861-f079-4754-bf80-06ce89d186f5,Hacktivist,Rate admit left mind.
22f654d1-81d9-4a41-b43e-e2de43274f23,Criminal,Five enter another all policy customer.
1cf6f568-f9f6-4ba5-ad08-6668056e061c,Hacktivist,Day particularly rather people.
3a7a83dd-cf74-487b-b3ff-51ab7d967dcb,Advanced Persistent Threat (APT),Another would follow act still.
967d9329-6e71-4a8a-8e47-7167c42cb3aa,Advanced Persistent Threat (APT),Owner police fish.
518880b5-eebb-4945-93fc-3384a40a0186,Advanced Persistent Threat (APT),Individual campaign fly nation.
95998ea6-6c95-4779-be7e-30b1dd92aa59,Hacktivist,Party church energy including election so him.
eb00c2ab-cc94-4492-9317-5fac37995870,Criminal,Say well mother fill paper.
0a92eb6f-f2e0-4f4b-b3fb-be5060c02664,Hacktivist,Matter against look exist tend.
a2b09183-2b11-451d-a702-d6832e547291,Advanced Persistent Threat (APT),Letter right reflect when for.
3d3b099d-b116-4367-b2e4-d0c39dc1f4e9,Advanced Persistent Threat (APT),Because sit ball lose agreement sea should.
5d00f0b6-8064-4f33-82b7-8de2b3bbf41f,Criminal,Real series half west hotel.
dc488290-f735-4fd3-a64c-da462b029585,Criminal,Response crime kind rock author anyone capital.
86fd64aa-36de-4da3-9d18-29e8af1f3f79,Criminal,Recently at action surface her more.
4bf7a34b-6d04-425c-b105-fd708635974f,Hacktivist,Seem hundred skill.
f13694b8-6b2a-4bcf-a2b6-75eb08a77b4e,Hacktivist,Necessary manager week tonight budget.
3cf39ea0-cd11-432c-9a0a-25e002eccf88,Hacktivist,Bit fast manager positive reach close.
249f00cd-c9fb-4d7f-bc83-4a02d8c375f3,Hacktivist,Defense oil question whom protect law.
140b47b5-46c6-4579-8f16-fd519a1b7738,Hacktivist,Same strategy describe between natural recently provide.
a519c45b-d0be-4c90-a58c-db35107f7716,Advanced Persistent Threat (APT),Field return box seat country thank law record.
19a44610-9915-4e0a-aed8-e12e5604c27f,Hacktivist,Page PM gas government energy article exactly better.
d1ef023f-8be3-4c3b-a88e-62983fd81289,Hacktivist,Move court those what news local.
14839592-8217-4f96-b9ab-006978c36bd1,Hacktivist,At gas east increase million single.
b5e2dab1-4af7-47b4-8141-f66483d27de1,Criminal,Somebody mission south.
5d48d762-c59b-4797-99d4-33c362a2e418,Hacktivist,Just reach team avoid moment center note.
40acc06c-596d-472e-bb0f-bcd4a7201ed2,Advanced Persistent Threat (APT),Political high firm growth contain Mr act.
3f6d9c54-f3b5-48b8-a1c3-a948d4455773,Criminal,Seek character one they feel perhaps gun.
8f1cf745-ac57-456f-983e-149f72602758,Criminal,Idea full development far.
9df630db-6c83-42d2-9808-8d4ad44b9c55,Criminal,Wish international sea network thousand visit.
899824f6-47d1-4347-bfc0-da83318fa599,Criminal,Use future their hope record.
5f4a71a9-b2e3-4dff-9742-9ab312cf406b,Hacktivist,Certain others have question accept.
5c42f3af-3a3e-4aca-87fa-56694da88f9e,Advanced Persistent Threat (APT),Much time remain.
50477a2e-538a-49a0-be4e-2a6345d50566,Criminal,Score check many spring her poor PM.
23959c23-aaa9-424d-920b-827db4c43ff4,Criminal,Lawyer very thus hope way feel.
8777b03d-70b0-4a54-bbe1-92c2845839c1,Criminal,Type visit then age finally push.
bd5d7311-61c2-45d5-98fe-157e9901be4a,Advanced Persistent Threat (APT),Science entire health know evidence.
299ec938-3fd6-4694-8e15-875afe11ce48,Hacktivist,Heart call join someone.
ffbcc263-e68a-44ac-ab1e-9ad81f23502b,Criminal,First how threat never.
218837ce-41db-40d9-b5db-5a685bc3aae4,Criminal,Argue single use.
eeb08d81-077f-4f1b-8a08-57daa32bbd3c,Criminal,Soon new individual trip moment enough region clear.
7156600c-cf1d-45af-8adf-35026fd2db22,Criminal,Accept perform stay center fish take authority.
64f231aa-e4c3-42df-b2d6-1e1fc4c22d49,Criminal,Cover affect question morning allow control officer.
a65250b7-e9f2-4168-8141-311265f6bc7b,Advanced Persistent Threat (APT),Single me laugh soon consumer anyone.
abf1efe1-11ca-4799-8d06-1af7954f6769,Hacktivist,Rock establish century open blue.
dc81d782-0650-490b-b1de-8adf828eaaf1,Advanced Persistent Threat (APT),Think hold simply light offer everything rich.
b264f878-2826-4b12-8904-cf295a3a7885,Advanced Persistent Threat (APT),Indicate standard concern buy risk.
05ce5039-dd51-4702-a28e-a6abb7044a7b,Advanced Persistent Threat (APT),Fall side understand east.
20fd5544-e8f7-4b15-8695-43f913169cde,Criminal,Wait Mrs thought focus.
2239700a-d0a5-4e91-b9db-5cbf1280afea,Criminal,Direction color take enough.
cdef093f-84b7-4fb9-a333-895acf24b104,Hacktivist,Beautiful responsibility style certainly Mr myself in.
2fc2be72-59f9-46f4-a21d-6aad08467128,Hacktivist,Perform information guy research finally join.
f1fd6273-c5f2-45ab-8f93-8e8ea5178c92,Hacktivist,Girl no itself green possible.
f297da6a-3e4e-489c-931c-240b8072ad3f,Advanced Persistent Threat (APT),Building or research cost moment language open.
dd27ae0a-1b59-4683-8471-f5462aefe961,Criminal,Energy everyone smile myself commercial know husband.
3b06c73b-4019-450b-8d64-e920c32e4135,Advanced Persistent Threat (APT),Democratic job society movement pass.
39a67f90-e84a-4a0c-bbc0-50a1e170b03b,Advanced Persistent Threat (APT),Responsibility computer watch else matter tax affect.
84f8344e-88f0-4a48-b532-829e876353ce,Advanced Persistent Threat (APT),Forget successful even exactly short film.
262a5918-b1cb-40af-9e5b-63a1df33545f,Advanced Persistent Threat (APT),Music this deal really activity interesting television.
481f5f36-a748-43b7-a055-7116e6c58fa4,Hacktivist,Many impact opportunity.
ded725fb-0e26-4f35-b7fc-2913d99560cb,Advanced Persistent Threat (APT),Chance company gas shake field material I.
d3777b5c-3c69-456b-840c-177aaefde624,Hacktivist,Establish enter ten anyone describe check stay gun.
8ebb7c36-aa31-4684-95b7-7f61c3efc727,Advanced Persistent Threat (APT),Huge call can strategy image.
2144d381-25e9-4d83-b5c1-cf0511cd1436,Hacktivist,Matter forward office thing everybody tend view challenge.
00ea22eb-fdd8-4e6a-b775-39ef198364d5,Advanced Persistent Threat (APT),Imagine environment brother study conference a machine.
412ffcef-7f29-4f9e-b271-f521d0f00918,Criminal,System people bit would human risk action.
14fe211a-d366-4c44-9739-1d33d1051a42,Advanced Persistent Threat (APT),Executive day pay record those couple east teacher.
0a455531-7968-412a-b3a9-6f123b50455a,Hacktivist,That always policy loss early travel car.
91ba7ff9-3a2d-4ce8-94ae-8a37545e24a0,Criminal,Blood hot indeed man can.
c9ce8612-3cf3-49d0-bd93-e9178300f811,Hacktivist,Weight series decade marriage statement.
432dc42f-4ff3-4ff8-86ae-e2c69ba02130,Criminal,Star fear piece space hospital.
7cadbb73-101c-4a47-9e6b-89222301c62c,Hacktivist,Person away agent alone finally thousand.
a652387c-6abf-4767-b07a-d0173f2eb671,Advanced Persistent Threat (APT),Campaign military physical include.
74036ec2-9b3f-4bdc-b4da-2e3077df0a9f,Hacktivist,Mention wrong hair.
ed1cf2bd-2c70-4f6e-8c82-e5a28452dd08,Criminal,Protect my knowledge while industry reason table.
a1ac5da7-ace9-4ae7-af1a-2534e9c6f8b8,Hacktivist,Management decision name write.
5cadb7b9-1599-4e27-8c6f-f5139abd2f6c,Advanced Persistent Threat (APT),Down risk avoid heart catch.
a7f95ae8-87e9-4982-ae2b-56fafde4b2a2,Advanced Persistent Threat (APT),Player rather bag speech carry them several.
219aa7cf-d6ea-4cc8-b771-1d67aed98794,Criminal,Character policy fact employee final could according.
e738f9e7-dd37-4e05-b203-5d97f30e9165,Advanced Persistent Threat (APT),My particular film would wear dark.
6c9f255e-5501-4e7b-8b5a-3802625a137e,Criminal,National along maintain scientist identify partner.
48a23187-065b-4eb1-b0ad-91e0e7e491bd,Criminal,Tax determine them culture interest continue parent occur.
14f1c713-85df-4580-8bb8-3428b9b0868e,Hacktivist,Thought knowledge central.
f1015c39-7085-4265-8965-efd732aa4074,Advanced Persistent Threat (APT),Business page certain author letter reflect fine.
a7160307-2873-45c0-84f1-ee58355e1f72,Criminal,Cost economy thus share oil floor customer little.
3393e83d-7db0-4386-b6bb-83ec5398f99a,Criminal,Large which us technology.
a7a44413-4f2c-4546-ad70-07e957397684,Hacktivist,Significant use evidence owner teach.
c945abe5-63b4-4683-b87e-fbbd93313ec2,Criminal,Stand structure career leg development.
f87d0c33-ef13-4b46-88ee-fb7f64439392,Advanced Persistent Threat (APT),Help loss parent road get factor western.
27b992e2-d834-4c25-a0e0-0ef8950556b4,Hacktivist,See explain career upon.
df27e6a2-f548-4b5c-860e-83a937a4e3cc,Hacktivist,Market parent begin author lay.
7322e350-36f8-4e40-8d56-a72fe92e4fed,Hacktivist,Clear few ability understand body half.
d1c1eb1b-eb4b-461b-9d77-309c64e05c73,Criminal,Although sense game point compare Republican.
d8685101-7c05-49f7-92c8-ac25839f7979,Criminal,Human art yard throw have education.
121913dc-c904-46e6-b86f-0ad1d980b1d7,Hacktivist,Often purpose produce civil practice media throw.
ae3a065d-8a8b-4710-b814-59b7d43d3843,Advanced Persistent Threat (APT),Fact relationship cup Congress carry but.
d748bcba-8fc9-4af2-a2e8-d7de36536ce2,Advanced Persistent Threat (APT),Ready around they out well use manager capital.
2d80d31f-7459-4fd1-bb65-43f406f7f4bd,Criminal,Former local hundred leader world most.
d290cf25-2049-4de6-8832-4341be0fbd9a,Hacktivist,Inside feel choose.
923747bc-3161-435e-9e08-c0f9d7c51b38,Hacktivist,Change candidate population employee similar culture.
1cdbed68-b56f-4dc1-a8ab-f4df33f63c3f,Advanced Persistent Threat (APT),Quickly seven many everybody expert.
6d0beb31-2adb-4972-8282-2113f8312c1b,Criminal,Artist land choose serious wind several arm.
70735b36-d079-4bc5-ac09-8a0b1917ee16,Criminal,Beat let evidence nation prove international better.
76a1a6b6-c04b-4084-bcb9-0eec5d4c83a9,Hacktivist,Form TV buy yourself.
7b2fe094-185e-4191-8be0-06b289b74ac6,Hacktivist,Free probably brother security.
ca1b355b-7e42-4b2c-8f44-7e8b1ff58054,Hacktivist,Since support picture standard sea camera son and.
88d59514-fdc9-4a60-a4c8-1a256183d2bb,Hacktivist,Better third power than my news hundred.
e0c2de38-3cbe-4450-97f0-198caedf6096,Criminal,Party happen task theory game example push.
e3a2fefb-2743-4045-b9ba-b51fe95d6e4b,Advanced Persistent Threat (APT),Turn physical film property sell kid.
0c49bda8-a194-428a-bbec-46a98fff2003,Advanced Persistent Threat (APT),Right development house condition him size likely.
42547284-d04d-46be-873a-e0445e9e4749,Advanced Persistent Threat (APT),Lot remember develop carry.
cf80a90a-b98d-433e-b2c1-6b919c4185f5,Criminal,Too particular bag drive pick.
54213655-09a5-4e35-a647-0ae54e57b348,Criminal,Imagine wrong defense too.
8a008617-3064-4f44-ac19-e1cfd1e7def4,Criminal,Task exist authority camera.
cec85eef-72d5-4af4-a558-0b0bee62929f,Criminal,Fire science across man approach.
6da4bd82-f9b7-47b5-a525-59dd10b63bf6,Hacktivist,Feeling answer page all place remember.
11fb072a-f839-46b3-919c-6713143b33f8,Hacktivist,Board PM program family can beat pick we.
d5d7ccb1-f97e-40c6-b228-a6e7e006b82e,Hacktivist,Experience market return participant.
a9130ae4-bdd8-46a7-bae6-9b89d3d649a4,Hacktivist,Mother hard without morning start up dark item.
53cee523-7c2c-4403-9b08-66738b5ec90e,Criminal,He else recent fact city.
29027c95-4223-441a-ade2-1a085569b012,Hacktivist,Quite bar still simply maintain value.
91edccd0-b27c-4837-b84a-1d7ae237d8a2,Criminal,Research energy hand bag.
01cf2ac4-fcf2-48f9-aa57-406f38bfb456,Hacktivist,Push discover usually personal goal.
969c103a-1ab9-46c6-be86-93f8c4e79427,Hacktivist,Beautiful pick although southern.
c96fa636-a54e-4739-a649-073618379078,Hacktivist,Phone every per item media much.
633a5533-d666-4128-9021-21c047cf7576,Criminal,Rock change strong often no group.
965e238c-0cf4-4cd9-a198-bbd39453f468,Criminal,Always impact television give guy.
c4b77081-5365-4ca8-aa78-80cf097081b5,Advanced Persistent Threat (APT),Garden order not almost any suffer must theory.
8c040cba-f5a8-4e59-a0dd-d01f519fc996,Hacktivist,Event seat environment capital nothing affect.
38bc4746-7e86-4e90-a5ce-1b709cd6fda0,Hacktivist,Perform only surface data area follow.
64ab6ab5-9ea2-4454-9ead-d397e35a569d,Advanced Persistent Threat (APT),Treat first value owner whether road fact.
daf49ac0-e0dd-416d-9cb0-f858cc3706a9,Hacktivist,I win media garden.
313b4e2a-f138-4897-9919-c39515788ea2,Advanced Persistent Threat (APT),Few economic third structure all people quite group.
6f5a03f2-50e6-4a3a-87bd-bea253a75e02,Hacktivist,Support measure suffer debate.
ab9fb9ff-0340-4eb8-93f4-c8b837146450,Hacktivist,Specific understand black election only.
4083e2e6-c002-4259-b28e-36244c1ee2ba,Advanced Persistent Threat (APT),Democrat civil level soldier kind term can.
9d13458c-7e05-42a4-90cb-a3f08547f4c4,Advanced Persistent Threat (APT),Natural bad around detail safe.
c3025911-3d10-4507-9d08-755790327654,Hacktivist,Get protect people everything dog we buy.
b6e204ba-ecee-4ef7-a837-389ddadd38fb,Criminal,Traditional certain society federal realize reduce.
85402c17-38b3-4f03-afd8-9ffe3e524288,Advanced Persistent Threat (APT),Home rock task stand structure order.
773a18ae-9331-4fa7-9572-ad697c6a60c8,Hacktivist,Often myself among population either.
e4ef23d1-9d6c-48bd-bb7c-30cc306a6412,Hacktivist,Toward technology run indeed nothing more.
586911e3-a3f9-49dd-b899-5c13b945d385,Advanced Persistent Threat (APT),Understand measure so left success.
016d708e-e554-415d-a967-fd25d03cc9d5,Advanced Persistent Threat (APT),Film Republican common language study attorney.
198fc8e5-0369-450c-b548-5fb049481e7e,Criminal,Imagine provide energy small.
004b85ba-f298-49f9-942b-7b11f9d10264,Advanced Persistent Threat (APT),Goal attention election traditional big rule central.
f7b71057-12af-49d9-bb84-02c4771f5420,Advanced Persistent Threat (APT),Military mean religious face night admit poor.
9adfdd2a-8847-4118-930f-e42837811d47,Criminal,Oil here claim girl carry.
c50eff48-2cf3-4b7a-8e41-3e3e51f0d372,Criminal,Sound life debate safe.
742f7c57-df3f-42ae-b434-5d7a3db6e7f1,Hacktivist,Democratic happen industry try property mind official.
5bae6052-8d4f-4562-9cac-2dbcf6dc2b62,Criminal,Ask best course movement.
87c3bdb1-28ab-4a82-beb8-df271f0e44bf,Criminal,Reflect detail finally word.
9204c812-b8e3-4716-87ee-b3ca5bdffb25,Hacktivist,When reason room bag without.
e026866c-9269-4b40-bcaa-3365c939f449,Hacktivist,Song kid forward.
f073cda7-e465-4a5c-8da0-ecc11ff5400e,Hacktivist,Responsibility wonder health increase side here.
2ac5e8e7-071f-41b7-a8cb-2728dd24c2c2,Criminal,Base recently sound without police.
fa4ee090-ce80-424e-bef0-d6cadd548e7b,Hacktivist,Myself something maintain hot.
e568d2e5-3198-4c6c-b4ee-b230cfd04453,Criminal,Owner prevent interest clearly language.
4e451512-cdce-49ec-baeb-9e4284ac9d42,Hacktivist,Least suddenly affect budget every general leader.
d535100d-9aff-4e21-80cf-edaededae35e,Hacktivist,Life throughout investment team.
d292bbf6-2b8a-4b77-9c3e-2a96674b096a,Criminal,Plan this sometimes challenge compare mention dark.
2c36b0d7-185f-469e-a1cd-427576cdc4ad,Hacktivist,Production network real despite worker economic already.
a79be2d4-f835-4f85-b22d-0aa4a42ab1f9,Hacktivist,Room either majority lay.
3d084642-84b8-4eea-95b6-a08b8d419791,Advanced Persistent Threat (APT),Sometimes whatever because trade financial our floor.
9ada889b-bbf5-4801-a97a-97c59f3fccf4,Criminal,Person federal financial whole.
7f43805a-f35b-4ac8-8af7-1a650b68bc00,Criminal,Beat after arm market.
d80d5560-2471-43ec-a241-15eac1aa4918,Criminal,Can professional light less six effect six.
63c88920-bdcd-4fd5-87cc-847e893f3449,Criminal,Current production accept parent.
50de8d05-22a5-4640-89b7-b81beab9d93e,Advanced Persistent Threat (APT),Likely around ago over.
1593c9ff-fccc-459f-af8b-ed92c397253b,Hacktivist,Role town girl window structure tax field.
3a6156f7-9584-4e24-9141-ba5e85d1505d,Hacktivist,Effort thank interview yes.
45f3f646-965b-43dc-983c-fb627e09c76d,Advanced Persistent Threat (APT),Establish protect result item character you.
ada9cbeb-436a-4983-af13-cb5e8ffa604d,Hacktivist,Experience wall sport line.
13353e32-429d-453e-90a0-8ebe38908db7,Criminal,Myself join learn sister study personal store.
e6cd9c86-bf5f-4489-a822-0cab0b6e75e3,Advanced Persistent Threat (APT),Box success idea network southern life.
da34a086-8eda-4b8b-9870-2242865bdb31,Advanced Persistent Threat (APT),This possible tree positive study relate sign.
e7f75a46-dfcb-4fe8-b941-82ad58994199,Advanced Persistent Threat (APT),Agent improve plan technology bill relate forget.
075b9750-9a37-4e9f-beff-db685bb8e7bc,Hacktivist,Notice camera dog lead.
5724a120-ac71-4c82-b2bc-1b90de651f9b,Advanced Persistent Threat (APT),Or staff threat anything.
f8302305-c5f5-481c-a408-19cab5373860,Advanced Persistent Threat (APT),Why provide federal option artist.
ca8ab76e-7570-44ad-aed4-a1e154b3be8a,Hacktivist,Garden example Mrs success seek forget.
dcfb8013-d403-47e1-a9cb-552d69a2718b,Advanced Persistent Threat (APT),Place hand development rate.
4f59b430-4be0-43f0-ae31-9ff33075d603,Advanced Persistent Threat (APT),Agency mind sense various.
c05ef4b3-4160-4a38-bcaa-12191a17634c,Criminal,Allow political ever head.
857c753e-aa2f-4105-a7e2-87a8b28fab27,Criminal,Support issue later fish sound owner.
7a8bfc1e-c535-47dc-95d8-1cbaa04c2e56,Advanced Persistent Threat (APT),Environment officer cold indicate.
d3b8c0ba-4cf0-4505-85b0-47f8c104c9f6,Advanced Persistent Threat (APT),City finally trial pattern approach girl.
849d1412-8c2a-4ee2-8ddb-f96bd79f0220,Criminal,Newspaper certainly factor bit.
d31e78c4-2523-4805-a28f-23d3e6ba4169,Criminal,International thus property maintain speech husband education.
96015838-380c-44d4-a45f-1914fe1e86e1,Hacktivist,North leave laugh hand note half player four.
c4c45500-84a0-484e-b94f-e54ec9a3d7e2,Advanced Persistent Threat (APT),Go gas truth class moment already.
e4378893-27ac-453d-98ba-6f95c7f46ce4,Hacktivist,Position deep property fly know late.
d8dc3dcb-3371-478c-8007-d4c9371e7e05,Hacktivist,Message war professional by.
8a6613c0-da49-422a-ada9-3154f3fd651f,Advanced Persistent Threat (APT),Foreign race scientist able use respond Congress father.
43c2c178-d054-44d4-9796-de86321755c8,Criminal,Tell measure fine plan study.
9033b629-3e21-488b-989a-c921e36cdb83,Advanced Persistent Threat (APT),Doctor door activity high baby respond give.
411a554a-95c7-4c21-b7ee-4ce47162ab2b,Criminal,Product century tend his rule should in.
a1afec88-8105-4f55-93a4-5ccf1cced1c4,Hacktivist,Whole determine toward quickly.
30f56848-0231-400f-9a4b-9e116ef14a20,Hacktivist,Hear his trip better send project service send.
4e837a61-7a4a-48b8-b88f-b39440cc87b1,Criminal,Away with create seven outside.
50dab781-7ff8-4d29-b521-05ff20294dee,Hacktivist,Policy laugh idea deal you.
8d4cb9cb-098f-4121-9eb2-c35d2db4f834,Hacktivist,Card few government check author.
8f6fb4dd-bb51-4092-a3a4-5ae18ddce21a,Hacktivist,Dinner address hard bit compare special.
fc444a6c-f845-4f41-887a-2971002b4c35,Hacktivist,Discover sure issue professor card hold some.
ef49eb41-2fda-4376-a6c3-25b6fcd72f38,Hacktivist,Either today color fly hundred.
4d257302-b753-49d9-bd98-11ba2f53eb74,Criminal,Story point enough hour report life skill visit.
7314dd73-9196-41db-8967-dd8e3d3f8fad,Hacktivist,Purpose office myself rise follow peace.
7186d82c-7c98-4c69-a062-ae77197b47f8,Advanced Persistent Threat (APT),Difference thought best research.
07168864-0c89-41ea-89f8-84ba1d02cdf9,Advanced Persistent Threat (APT),Break past recently scientist impact shoulder memory.
791cac42-0ced-4a93-9e2d-b384092107fa,Criminal,Chance bank recognize purpose.
38c20b3c-1893-4d9b-9f19-aed3b3627eb9,Hacktivist,Toward catch pull her everybody.
f39681b3-be2e-431e-b5b2-9d594aa712c9,Advanced Persistent Threat (APT),Health story one exist walk.
7e9b8c46-d5fd-47cf-89aa-428891d56b3b,Criminal,Agency can worker its blood.
f4e62958-b6f6-490d-b570-7ab0c40be5fb,Criminal,Fish leave parent woman compare buy.
18c10e88-e2d4-4706-af91-9b556525d18c,Criminal,Budget cover arm ever mention that.
1cf946f7-a964-4ba7-9355-8559e73f3e6b,Hacktivist,House step laugh look your month cultural.
eca8fab3-db1a-4fc3-aeeb-f80d2614dfdb,Hacktivist,Sense according true article crime.
d4510ab3-8a0b-411a-a665-55fa5f28ad35,Criminal,Simply east walk over third stock how control.
8adc8746-b021-40a9-b810-996974103408,Hacktivist,Too surface meeting.
26981e6c-8a8f-405e-b9ce-12785d65e211,Advanced Persistent Threat (APT),Movie choice message short heart well sense.
b7e300c6-30b2-401c-ae2a-4a54a567756b,Hacktivist,Talk debate politics cup.
c50c06e0-5c60-4622-a09f-3db878488764,Advanced Persistent Threat (APT),Leave force wonder institution job.
1d5d9383-c5d4-4cce-ac54-e98530325650,Advanced Persistent Threat (APT),Form population field I method there tell.
57a9c237-f42c-499b-8162-31d3fc9c068b,Hacktivist,Democratic would great recognize staff through military.
dbee2e46-b8b8-42ba-b322-290e8549714a,Hacktivist,Hot success wait himself source whom.
efbde7f6-8287-4932-80fa-7b23225aee39,Hacktivist,Final mention lot ground others economic agent.
3d99fc8f-5910-4afb-adf0-d6d0aed2616e,Advanced Persistent Threat (APT),Second vote true enough.
1c21e8d9-4193-4e50-9952-f969ca432138,Hacktivist,Away state since instead.
ec096ae5-1a9d-4384-9af6-1825fc830523,Advanced Persistent Threat (APT),Accept cold reduce raise house.
70c3577a-dfb9-4d54-81d9-937012903dc3,Hacktivist,Itself I throw seek.
5b90f7cf-6256-4652-940a-37a730e892d7,Advanced Persistent Threat (APT),Hard suffer interview deal model.
7369db41-f0e5-48d5-8d86-866e99a297cc,Hacktivist,Kitchen case food.
4ba006e8-0004-4082-82c3-0ba53d7539c6,Hacktivist,Stay indeed certain.
81916d14-1958-4899-bfa8-fce33517c989,Criminal,Gas study happy energy citizen.
957ab53f-755e-4712-a0ae-e0b8e245622a,Advanced Persistent Threat (APT),Key natural interview.
83ddced0-7566-4c5c-bc1d-10c38d067364,Advanced Persistent Threat (APT),Teacher street popular wide full these apply.
5545625a-e3d6-4549-8d91-f5aecd4029bd,Criminal,For address call little find ask.
85eea1c7-e18e-4559-b3d8-49218474ec59,Criminal,Pass wide because how media late read.
47f3b4c3-31d8-4b63-96c8-6a88f54a2452,Hacktivist,Measure be difference part agreement.
aff48012-4af5-4705-afe0-27c247779d1e,Criminal,Result accept power form huge approach network.
14a21f18-1c9c-4ffe-984a-fd8772735607,Hacktivist,Interview bar consumer left media glass material.
20cf214a-c784-4166-8fc5-5d5c4d1ec351,Hacktivist,Successful maybe right avoid wife enjoy knowledge.
5cf025d6-d7a8-44a2-ba0a-85a1a20cbff8,Hacktivist,State prepare continue former cup eight same.
321d70d1-26a8-41bc-a1a2-196bcfd44eeb,Criminal,Within end good none.
dca777d6-ff04-4cf1-83a3-cdeec19d91f2,Hacktivist,Out away actually against us major consumer young.
72b60469-ac5b-4ef3-81ee-e95c703c6d8d,Hacktivist,Increase sound success glass number.
8cf4f4e1-9920-4e0e-96ea-4c0043d3c242,Hacktivist,Fill skin several apply teach just million.
97c3e624-654c-44ae-907d-24745ec8e765,Criminal,Even until figure fill speak character.
94814c9e-c5c0-40ec-b732-293a9886d35a,Advanced Persistent Threat (APT),Out debate artist many six mother popular.
72d881db-3ef7-4542-bdf4-def4473d7e34,Advanced Persistent Threat (APT),Front paper would college southern.
5c50ef47-4806-4459-95f3-8252d79d8cd9,Hacktivist,Hair report or table nation religious.
a6c65945-7c44-4af8-ae17-51b8476ab977,Advanced Persistent Threat (APT),Federal safe four girl size tough training.
919fce64-2fba-48e6-b247-26eb55090f85,Hacktivist,Mention general through majority bit.
4f39f348-11b6-41d1-aa33-01599007b426,Advanced Persistent Threat (APT),Even daughter go who party.
f9f45052-1201-4e21-ae28-eb0ca8da00da,Hacktivist,Life quality wall lawyer charge clear or.
ae01ecff-681a-465c-b0cc-39e8ce6d9223,Hacktivist,Recent none follow.
0bafa0b1-f9ff-40ad-b8e4-c80fb81bb1dd,Hacktivist,Government somebody find color man cold pull.
e09a3af2-0192-47a4-8a44-c81217f19b81,Criminal,Drive truth standard along between point.
55300b96-c781-4162-87e1-cacc1ea2083b,Criminal,Far create short also.
c25508bf-b4ec-424e-8a60-5d9872d57b74,Hacktivist,Scene message four argue.
d184b91c-905b-4b64-9079-ea307ae4da98,Criminal,Will five notice money media stage.
8d8d3203-6547-466c-bdfb-edff52b5dc1d,Advanced Persistent Threat (APT),With catch meeting international.
4744003d-4f50-4548-a4b2-e30a42b12650,Advanced Persistent Threat (APT),Discussion great expect science police time identify.
874c092c-5161-4037-8745-7e4acf1c8a4b,Hacktivist,Wind rather hospital down memory one born.
868fd7dd-d20c-40a9-8294-2ffb49a4ca47,Advanced Persistent Threat (APT),Fear thousand policy tough design.
9951ab51-4f35-4a8e-be24-bd57440130c2,Advanced Persistent Threat (APT),Husband fly owner program world.
9f37ea9a-5ac8-4283-84a1-534f00840d4a,Advanced Persistent Threat (APT),Grow if space debate answer.
f4ff1295-2538-48db-a42f-d2346419db6c,Criminal,Discuss more push Mr himself range save.
f8b407eb-fe7c-4b40-ad1f-72cfbc6ad6a3,Criminal,Defense ahead fish piece draw become.
3df1196d-7cba-4c27-bf40-57589f91d448,Advanced Persistent Threat (APT),Bank test war leave attack.
13df613d-759e-4ed8-bb82-319c5f48d2a7,Criminal,Certainly event budget talk capital help.
cd396d3e-9820-4eb0-a764-827501717fa2,Hacktivist,Power tend green military administration who crime.
36d13e6c-da09-4308-84cb-7816fe739b4c,Criminal,Officer beat open.
f8a08b00-5dda-486b-aa05-bb3fa08d5934,Advanced Persistent Threat (APT),Money end nature mouth.
4e86d3d4-ded4-485a-94b0-342664ad46a4,Criminal,These care training serious hot figure.
d52036d5-081d-4c70-b6eb-583e66a7d2e4,Advanced Persistent Threat (APT),Animal its of artist game.
eb663f7e-53be-4e2a-9682-6ef87f2ec85f,Criminal,Employee watch apply community movie seven.
69c1af41-12e8-41fc-8005-e7be80ba03c4,Criminal,Evidence week hear care action audience.
37ed8959-436e-4ea2-bed5-f28b9c7d650f,Criminal,Thought that summer respond its read ability few.
05e863f0-fe8f-46d9-86c2-941fb9f489a4,Hacktivist,Production serious candidate knowledge traditional run.
49e76f4b-8602-44af-99c3-9316b0440278,Advanced Persistent Threat (APT),Store director month admit skin.
a6fb20e6-b82d-412d-b436-676881a09578,Advanced Persistent Threat (APT),Account from for citizen.
d0b31069-65f3-40fd-a978-9f6241278183,Advanced Persistent Threat (APT),Leader campaign conference name bag trip investment.
dc5c5734-53d6-44ac-9174-ef99fdfd71f9,Advanced Persistent Threat (APT),Face beautiful race lawyer reveal simply ability a.
e3e22979-28d9-494b-a8e2-5cb2e3087573,Hacktivist,Picture head paper begin.
8ef6e8da-36cf-4a56-9f1d-17b4801434ca,Hacktivist,Several word eye quite.
e6ec1e52-2c12-481a-b0a2-691442ff23a7,Criminal,They PM movement try run body.
726c94a2-011c-46e7-82e1-0853b2532943,Hacktivist,Down dinner back there garden respond beautiful.
6e55f2eb-d3cc-4778-98ae-0336274aee53,Hacktivist,International once task suffer program prepare.
8b2f0dda-c265-4e3c-95d6-477e6e994201,Advanced Persistent Threat (APT),Perform whose out myself beyond structure camera.
f4e0e51c-e940-4c9a-8561-89e7c1160974,Hacktivist,Second become take move interesting.
cc53a0cf-852e-4e6e-aa08-7b109528c7d6,Advanced Persistent Threat (APT),Human get provide staff fast cut.
2f5c7722-45e5-4bad-92d1-0b8686a232ad,Hacktivist,Little society catch so.
4536b87f-efbe-4b0d-ad32-54fcd3ad4a51,Criminal,Important cultural buy investment open form.
3cef229b-a3c8-445f-bfcf-d4fe8c4e34e6,Advanced Persistent Threat (APT),Machine maintain including growth hospital.
d1e85d3e-b8e9-4f97-8e98-392a67a2df03,Advanced Persistent Threat (APT),Shoulder force identify possible accept those around.
6ef7db08-3db1-4711-9f29-4be7415f7b44,Hacktivist,Current figure whom large nation cell team result.
c09d3796-f1e8-4b59-9528-eea91590b1fd,Advanced Persistent Threat (APT),Light house man.
ee44a744-e882-4b30-9c0b-f86391cd1192,Criminal,College whose chair buy fact discuss.
b32bc0e3-d154-49f3-9f94-0ede630b9ce1,Criminal,Soon analysis rather star impact end firm.
7772df84-0689-4f61-9002-34b5ab0dd042,Hacktivist,Whose maintain bit left six voice well foreign.
ed564644-249d-448c-b61b-68330bd08ec6,Advanced Persistent Threat (APT),Wide should across available.
babd48d7-6509-4a11-aa56-f33b59b6e114,Advanced Persistent Threat (APT),Against fine material rock human travel gas card.
386b7e06-9e0c-4217-94dc-31629bb2b733,Hacktivist,Meet animal reduce career use.
6ca16d87-21db-4747-bcc5-566ec83bd9e9,Criminal,Outside individual strategy relate.
f698671d-e339-47ab-9371-c762710f67e5,Hacktivist,Commercial opportunity note someone his must everybody.
92cd0e32-7413-4f82-9a9d-4e7c55d36961,Criminal,Figure imagine have.
03aaa2ef-d1fa-4b9c-b0ab-7cb7ed92cdbc,Hacktivist,Training development hotel election subject yard get.
98540360-944f-4c9d-ba19-4e4545141601,Criminal,Mention international sell likely theory anything condition.
f1d18be1-a684-46f5-a244-c87b17f5d2aa,Hacktivist,Time teacher without.
36029a81-a60b-4d84-ab8b-4bcce8aa9022,Hacktivist,Recognize job reflect throw next.
d80cc37c-d484-4e22-ab64-1e4bca43b2b5,Hacktivist,Capital describe many know land than.
d9aca606-4e9f-4434-bbdc-7d2b4249a0a7,Criminal,Personal Congress lawyer door Democrat commercial.
4e85bb9d-a421-48ff-86d7-834357b17537,Advanced Persistent Threat (APT),For current cell employee sea station decision.
18909f7b-4b44-494c-b0bf-8afc7472f117,Hacktivist,Hotel growth lead paper.
ccefe3c3-2abf-4fb0-8ce5-95b54a1906f7,Hacktivist,Decision the never church.
bfd7c771-a359-4edd-b461-dc3506537cce,Criminal,Spring pick walk seat of stage.
faaf38a3-56d0-471b-a0f7-e82595ab7164,Advanced Persistent Threat (APT),Heart poor book break might clear.
b4c8489d-d2b4-4141-b66a-df72d5a0c4e5,Advanced Persistent Threat (APT),State financial pretty sense wall.
af6970dc-2817-42cf-84f2-8afa4f6ee4f8,Hacktivist,Become ago few.
f37a6d96-a134-4f60-aa21-f68ccb4f6aba,Advanced Persistent Threat (APT),Leave bed both base.
3583f1a8-d5e0-4c81-8335-bdda74d88749,Hacktivist,Church mission Democrat stop produce perhaps police.
a5bb5e13-0f73-4fbb-8aca-329c35e7b630,Criminal,Firm serve election leader few future.
51d89745-679e-4c43-94a3-79eadfe54869,Criminal,Ready admit senior fill better information.
70b3604f-10db-4938-8ead-a2b2a156ec4b,Criminal,Home decade his boy.
d501cea1-2856-4137-99b4-51686b36fc22,Criminal,Change product building record me debate.
38b72368-4101-4785-8893-55e03ab980ce,Advanced Persistent Threat (APT),Voice defense risk national.
0a29a587-836e-43d5-9dc4-d6b799341b04,Criminal,Raise open choose.
00478adf-7d5a-4591-a197-c75759934c18,Hacktivist,Themselves education buy consider trouble doctor.
39e159e5-f505-4375-9b75-40f43df4cfad,Hacktivist,Or car brother public region wish.
bbdd52fe-ae90-45c9-ad47-914454bfc58a,Criminal,Chair cell health heart evidence improve claim.
e601b510-54e3-40cb-93b8-5173a7784c1a,Advanced Persistent Threat (APT),Address true region decade local probably.
24423da2-a3f1-449a-b4a6-28fcb695d01e,Criminal,Teach protect control phone material gun suggest professor.
c086b2be-460f-4502-b011-53f7d31cf70d,Criminal,Course happen skin score country certainly purpose attack.
d33efd93-fed3-4f48-9b27-0255bca2c576,Hacktivist,Employee business news view several identify military.
2df5f9b2-87ca-444d-bc1b-c4365a1e00dc,Advanced Persistent Threat (APT),Only quite top news number decide.
577fe3cd-ee52-4d3e-bdbb-720d0572e51f,Advanced Persistent Threat (APT),Nothing manage heart world.
4364f34d-dd9f-4aeb-b136-8c566ee3443d,Advanced Persistent Threat (APT),Rest something every none power energy.
e57d1ef6-4dba-4e52-8a30-bd7ee476f400,Hacktivist,Low view computer success why authority her.
4ef2cb2a-c8d4-4f69-9e03-21726bcf4adc,Criminal,Shake easy conference baby outside eight.
85ec5dc1-8903-4115-8d2d-3fe895f2adbd,Criminal,Bag region Mrs popular note because cost.
582ed907-573b-4d35-b901-da5f3abeab61,Criminal,Least energy same section.
6319cd63-4ab1-4ebf-b8fc-b6dec5ab28c4,Hacktivist,Police miss nice community.
f5c4a418-9de6-49b8-9e58-d811c2a6f9bf,Advanced Persistent Threat (APT),Among easy poor control employee take current.
c0097a89-afa0-47e1-b363-d904349fc9f9,Advanced Persistent Threat (APT),Yard increase allow score though challenge.
f1a9ff85-1d21-49f7-be22-447e2d1467ca,Advanced Persistent Threat (APT),Television yes say hour various nature discuss.
901b916e-3881-422b-8a2e-d49d05cb3945,Hacktivist,Quickly then now keep through.
7f16c2ea-5a4a-4055-8adf-02814b063edc,Criminal,Believe house authority agent.
ce5d96a7-0957-4b49-830d-31e20a5de320,Criminal,Success cell point we why apply.
b80a824e-21ca-47f3-99af-be5fd7853771,Criminal,Improve field hospital strong here eat friend fall.
a51e752f-8843-4024-a350-8c62c852d81f,Criminal,Rather among visit could throughout.
49ee3383-aa3b-4481-9f12-10aa076809c4,Advanced Persistent Threat (APT),Home her as.
e8cd0231-b205-4c0f-bec4-04fa62d11ce9,Hacktivist,Artist option seat mouth.
13ef4d03-c21a-4c23-a1f0-3a90d4ecee54,Hacktivist,Surface management have notice.
9038c4b4-df8d-4387-acc5-a3274ac1eee5,Advanced Persistent Threat (APT),Often minute fund fish thousand appear.
3318f60f-8137-48e1-8c51-c929b04e1361,Advanced Persistent Threat (APT),Thought where foot garden must blood.
acb6d387-ec74-443d-ad2a-8607dcfc7678,Criminal,First ask money consider expect without.
1e33152c-bd3c-4242-9c3f-73444e9e8db9,Advanced Persistent Threat (APT),Boy because less security including recognize financial.
60f40242-c9d1-4d6d-a37e-8a78d0c9aa53,Criminal,Land free key.
cf9daba1-1931-44b0-8dfe-ecbf9c7a6c5c,Advanced Persistent Threat (APT),Door general successful only have.
43f8d9a2-b189-411a-892c-eb1b8cc99412,Criminal,Hear space participant minute hear interesting think.
297c1e93-43dc-4cfa-9aa3-0d264fc6f721,Advanced Persistent Threat (APT),Seem police bad.
24a2cf1a-5e5a-432f-8ff4-931668059546,Hacktivist,Next store young.
ec5402b1-43ff-44a2-adeb-d992b11ef325,Advanced Persistent Threat (APT),Spend join space risk nice region.
e627b279-6ca4-4c02-8bfe-0b72ef01f7a9,Criminal,Cut front record figure right become fact.
b7163325-7625-48bc-b92b-0a08bb6aeb16,Criminal,Piece article environmental.
c41645cd-f1b8-41d0-8edd-9c69544360ae,Criminal,Arm action character part.
2f8c0fe4-191d-4bfd-b1ea-a3d0e1f4c4d0,Criminal,Million common glass shoulder defense.
b3f657dd-0353-4527-ac15-981144d3b1c6,Advanced Persistent Threat (APT),Attention two much.
814305f2-0edd-4b6a-b377-445887f7933c,Advanced Persistent Threat (APT),Key drug image radio.
6f7372cc-48ae-4623-a19f-7477354ff115,Advanced Persistent Threat (APT),Piece house guy should sport trouble.
f58d68cd-e933-419c-9f7b-405c8accb42e,Hacktivist,Training least impact must board program really meeting.
a66cfc13-1d1a-465e-b2ea-973fbc334768,Hacktivist,White also fly doctor for fight in quickly.
23e9c504-2be6-4518-955f-3753450095f9,Hacktivist,Cultural decade record explain pull.
176f9700-7901-4eae-9924-bb527525f2ad,Criminal,Much democratic decide indeed time thought not born.
5777d466-f8c0-4daf-890a-d77c1fbc6ab0,Advanced Persistent Threat (APT),Through financial who eat knowledge walk painting news.
e719a288-f273-4f25-aeef-3064ffac69fb,Advanced Persistent Threat (APT),Second head establish matter your professor somebody.
b42d7699-3281-4cb5-b1bf-75b30721b35d,Criminal,Yard idea technology admit two your.
5e0b7835-e57e-490e-a109-920e177df237,Advanced Persistent Threat (APT),Suffer at true line stage whole.
943c3870-f080-47cd-9efd-c31253e1bdf7,Advanced Persistent Threat (APT),Smile answer mother social a politics.
c96505e4-257c-4ab5-b031-3a8f2d3f9a3a,Criminal,Surface thank president social.
07feb9f3-7563-4248-9b15-12cb26f5338a,Criminal,Record billion surface look especially.
fa30df2a-c99d-482d-8717-6ed68ece4562,Hacktivist,Bad address finally available the pass.
fc9abda5-1432-4583-95ad-e37d61dcbbd6,Advanced Persistent Threat (APT),Center perhaps apply door live.
12754bfb-0edd-4a8b-818a-bbf07dfe9698,Hacktivist,Allow always these area table avoid street consider.
4a83267b-3594-43a4-94e2-dbb0d821740a,Advanced Persistent Threat (APT),Movie with before organization street fall.
bd04a6ea-ec21-4b1d-ae76-12f6537c94db,Hacktivist,Natural interview explain development.
32506d9b-0ff8-4d65-9102-92356f96ce53,Advanced Persistent Threat (APT),Case peace not hot consider chair should.
5d7602ca-cc10-4322-93e4-3fe4d248fe38,Hacktivist,Especially structure kind lot.
beed0f38-37ec-4274-a3d1-3bc20175b578,Advanced Persistent Threat (APT),To provide hour compare address.
ddc26c81-a373-4e9e-86bc-0bb907dae3fb,Hacktivist,Itself he usually hard.
3e4983ea-eb0a-4265-be69-e6b9c3ebf3f4,Advanced Persistent Threat (APT),But side management believe able join.
c95a339d-9196-4d6f-b0c9-fb771af7f644,Hacktivist,These decision animal fact writer.
6537e4d3-d121-4ad3-b4ee-ecb6029778af,Criminal,Ok nearly task concern section admit.
f38c669a-eb35-42cb-abb5-04b4216face7,Hacktivist,Heavy cultural sometimes hair suffer another option.
c2174eb7-2eaa-444f-a604-ba2cfb32b35a,Criminal,Less else finally simply describe.
8640fcf5-ef08-4c7e-b081-0f3fcb24c6c7,Hacktivist,Machine practice assume they oil the.
dbe11646-16b7-4d1c-a042-0fd1f1e4c7f8,Advanced Persistent Threat (APT),Already television fact those.
e812e8ea-a71f-4c19-9270-0f6559662114,Advanced Persistent Threat (APT),Feeling answer measure work of college summer.
d5ee3172-2cd7-49c1-99fd-c1848e76b3bf,Advanced Persistent Threat (APT),Whether until address.
a800bda3-f70b-4f8a-8bab-9434ec3f6722,Criminal,Pm off now close.
3558c189-5370-4407-8db4-acc1f3f023fb,Advanced Persistent Threat (APT),Final century white weight.
24a2a0e6-4a6a-449f-b7b6-468b26bc2a80,Advanced Persistent Threat (APT),Surface entire short hospital edge eat.
08bb361c-872c-4ebd-9002-204ecc3d51cb,Hacktivist,Me team democratic sport marriage.
b59040b4-e51e-400d-abb8-64cfdffe0606,Hacktivist,Such provide box carry throw.
f70cd4c7-7057-4ada-90d8-73bcb37837cc,Advanced Persistent Threat (APT),Toward major generation boy take.
d14ff420-5ebb-49c4-b60e-a8d6e5350210,Advanced Persistent Threat (APT),Hold action during trial.
4a33f8a4-64f5-4f7a-852a-f92389b672a6,Criminal,Own year reality themselves.
6b782976-84dc-45b1-bb08-7fe4d58e0385,Advanced Persistent Threat (APT),Central among future.
94af76e7-bf26-458e-a08b-a45f4461d813,Advanced Persistent Threat (APT),Fill well market quickly investment easy although.
321650eb-cd94-4798-95bb-162f9f4ac864,Advanced Persistent Threat (APT),Matter admit yard resource.
38907aad-2ef1-442b-a349-f5e01171397d,Advanced Persistent Threat (APT),Six offer plant one send fill spend himself.
3edb4cef-0500-48ac-a5a2-abe12bf367db,Advanced Persistent Threat (APT),Ever choice radio stand.
70e77b99-ed6d-4e1e-bcb7-2eb39f2df22d,Hacktivist,Should cultural federal suffer.
40dfe20f-2ef8-4898-a5fe-a3b90f82771a,Criminal,Possible professor debate full.
5fd691aa-14f3-4054-8e9e-9edb0d094661,Advanced Persistent Threat (APT),Interview serious indeed drug.
8c514e45-28f3-487d-8caa-9b2b63e30a36,Criminal,Spend pick loss loss drug.
f5ed4e0b-3433-4a33-baf3-a7c8d98cf57d,Criminal,Occur including news such.
cdda4ca4-c277-43c9-aa8b-0edffef7b97f,Advanced Persistent Threat (APT),Night firm cell whom light real.
9fa704b5-af27-40ba-bf2e-e121b87589f8,Hacktivist,History make leg deep.
e63bdb77-e525-42aa-ab23-9f0812558805,Criminal,Doctor poor major central action cup customer.
87a451ec-1d26-42a1-95e0-eb6bfbd7e0e1,Advanced Persistent Threat (APT),Weight enter decade order major education executive.
9e56f518-ecb7-4e85-a5c5-71786d5aa093,Criminal,Administration happen program form trade avoid.
d0459c8c-38cb-4f9d-8e01-e0fe7afb455e,Hacktivist,Instead hospital indeed wear truth however might.
b7ca89ad-3ea9-4e09-8993-309c91ae3208,Advanced Persistent Threat (APT),Business action technology responsibility short everything.
b71489e7-841d-48a4-a03c-5955114d3f1f,Hacktivist,Because middle Republican.
e3da43ad-2416-486f-9cfb-794aa1377fd9,Hacktivist,Could future he fly.
b2f63c35-15bb-4b6e-af51-c91f03e7ece8,Criminal,Language radio soldier arrive.
8a2fde5b-1beb-4ea5-b3de-9b3fd7cfb9a8,Hacktivist,News always point after.
3d53b907-9408-4b56-a83f-8c7b16aae3ac,Hacktivist,Without cover social throughout process.
e4393418-d684-4902-b83d-37b6e37b1ba7,Advanced Persistent Threat (APT),Business two ground ability federal executive treatment good.
3a11de57-fa30-4538-a166-7d7aa550b77f,Advanced Persistent Threat (APT),Out end customer.
5c21d611-0108-4f56-8f66-4ef3994a57ff,Criminal,Owner sort particular today action.
a462b7d5-2241-4896-8bec-692983392563,Advanced Persistent Threat (APT),Event bit out return deal expert sing.
18b18134-0e35-4e90-8c52-33b220b89964,Criminal,Cover religious wide region land run song.
99f90466-75df-4154-8f20-866bbb78df13,Advanced Persistent Threat (APT),Ever race apply far throughout.
880e2c45-55b2-4c17-a05c-aa04fad5c4e7,Advanced Persistent Threat (APT),Ask thus manage most car she girl.
35f07106-cd2c-48de-8262-c4e330e8b753,Advanced Persistent Threat (APT),Read thank well lawyer international place.
f7bce9fd-2dba-47d4-ae40-32b4426c6429,Hacktivist,Hundred guy case food.
1ced9bb1-e7bf-4dee-8e0b-c4e36ba4a179,Advanced Persistent Threat (APT),Fine mission outside remember.
79b77058-2f36-458f-bbb9-fd5d6ae6ffe8,Hacktivist,The really return drive.
0aadbc52-640e-4e82-93bf-3e533dc76d5a,Hacktivist,Finally however size represent mouth arm new.
c9b3ae4a-8b46-4d6e-af71-ee6db196f5ee,Criminal,Test culture full offer how.
dc347166-8d8b-4471-b9de-796055b5bfd0,Advanced Persistent Threat (APT),Quickly seek themselves one conference recent.
cc1b98ef-ea6b-481c-ba52-244b73395c16,Hacktivist,Cover third accept more hold.
74c36614-5db0-4c71-8fe5-bdbfc33c0a8c,Criminal,Impact write month only window sense.
637dbe56-1058-4e98-8ccb-b784b04b3940,Hacktivist,Side bill cover under very turn performance.
9f17d997-b681-46d8-9def-ade83dcc9422,Criminal,Seven may number rest red eat.
866d61a7-b90c-4d3a-b7b9-87587b3bfb46,Criminal,Box those cost.
b54b818f-c37f-4d19-b934-3b58f80fbd99,Criminal,Owner main crime model.
d69e0fe0-ac5f-4bf3-83c4-b1da07edada2,Advanced Persistent Threat (APT),Single bed laugh partner green huge factor language.
f61ae8ef-39bf-48cc-b7a8-1b7656a6fff0,Criminal,Leader this present PM test spring.
c7ea985c-945b-4f1f-873f-8e96d85de156,Criminal,Meet raise finally step.
e6c2344c-34da-4613-b25a-a0209b263071,Advanced Persistent Threat (APT),Tax sound consumer people than just.
da1d3529-90a4-4001-b7e3-288dc972c6e8,Criminal,Factor worry someone so.
50eb812e-a5ff-4738-8d48-d4b2fd1dd970,Criminal,Reason baby away movie watch standard.
6f5fb9cd-0ce1-44c5-a0ea-1ed20c90d843,Hacktivist,Place raise heavy send job hard increase.
f8e94c83-cc11-420f-a084-83d312a80ef6,Advanced Persistent Threat (APT),Over everyone almost teacher we wife spring.
fe86b5e7-851c-4564-86e9-358c36e019e2,Hacktivist,My third develop management Democrat seem city.
b80ac046-70d7-4abc-a0aa-af358f29ea28,Criminal,Lot responsibility production soldier.
260037c4-a893-48bd-82e1-bcee58c8a57a,Advanced Persistent Threat (APT),Month past without rich now dream.
2ed07eb3-15e8-468c-bd7e-98fa828d0644,Advanced Persistent Threat (APT),Cold safe front forward expect piece seven.
d17d3833-7d10-494d-93d9-5b76627f63ee,Hacktivist,Word hair cost color major wall after.
ea94db22-83ab-4f23-8e70-e114783f452f,Criminal,History treat cost executive international study.
3fe913e8-25e2-4011-af06-9f2ba1e0e934,Criminal,Pull until yourself would.
65e2cebd-f2eb-4507-b4f9-36c7c0453384,Advanced Persistent Threat (APT),Discuss attorney range establish different Congress.
6a41cf68-4af2-470b-9079-e3c74efa145c,Advanced Persistent Threat (APT),Allow everybody politics artist agree good.
7ab4f7d7-8c0e-4384-bd4b-f01d2d82b4bc,Criminal,Seat capital he nation some outside.
9301ec75-6f92-4236-a019-a0923d67002c,Hacktivist,From first action budget billion kitchen.
5bec7497-0146-41ce-95af-b89cd38d67eb,Hacktivist,Sort law record these TV.
30e9883c-16b1-4faa-8a64-aa10b0b4bd8e,Criminal,Pull yet both nation brother maybe.
ced7ef55-1903-472b-86f7-de817a86f292,Hacktivist,Kind store PM drug book street theory.
b8753789-37b7-460d-8be2-b3cf4acb6420,Advanced Persistent Threat (APT),Story hospital remember military here true until woman.
0d141417-a418-4c7d-b321-7f10de1c246b,Criminal,Machine particular threat unit start will station.
d881b7c9-5f14-4ecf-a8bc-9bfa03c75ef8,Hacktivist,Pull factor security hotel once.
2240373f-2939-4cf6-9db2-bf1eb7732fc4,Criminal,None choice level cause scientist doctor paper.
9d45909e-a21d-4dd6-90ec-498cb0d6d3dd,Criminal,Land white increase product contain.
1f900710-3265-4c30-93d7-346545b07e7b,Criminal,Stand per either writer health.
f48fc5cb-65be-496e-bbc9-25bec2b2d769,Hacktivist,Including name financial because phone enjoy collection.
43d88272-b6fe-4ec9-b4e0-bd6dc17db70e,Hacktivist,Man until south avoid author simple within.
d2ae4f32-9b26-4e3d-b6c5-97095cbe18a7,Advanced Persistent Threat (APT),Herself land lay learn.
1f412bb0-1ef3-4439-a1ca-11f8c20bf0f2,Criminal,Year truth account develop commercial.
7fcb0912-5b6f-4207-810b-51771edeedd6,Advanced Persistent Threat (APT),Past fight animal yard box relate senior.
7aaeff3a-4b70-4f03-afa1-45442bb44f42,Criminal,Kind along camera than.
b0348790-9f41-48c6-9052-e2ff2f9b994a,Hacktivist,Drug memory provide floor.
579174a9-685e-4bf8-aa0a-c0d70c53bb35,Hacktivist,Speak meeting deal front citizen.
5bd43c7e-99a8-4c47-a775-2a7230eb09b2,Hacktivist,Account sign they term he sign world.
93c6175f-cb88-4901-a9d5-75a2627f5896,Hacktivist,Area fire shoulder attorney toward.
b0416b49-b744-4690-8e24-5a4b060861cc,Criminal,Pressure surface rise point board glass end.
9304af1c-ac27-4f33-9f88-f5f1dc421eb0,Criminal,Movement address ability involve religious senior town.
b78c2316-5dcb-4ad5-9ce0-0f2e325915d2,Hacktivist,Person painting religious piece various air.
4b5f54b6-55d3-4bc6-85e4-a932a3d18764,Advanced Persistent Threat (APT),Prepare report first deal fine certain could.
ba8f6327-1898-48f3-aab1-34d85fb1f6c2,Hacktivist,Them war her feel.
38b51481-8e7d-43c0-bed0-0c9438d6e12a,Hacktivist,Also through indeed blue.
4f5df593-8832-4491-941b-dfd0d348d6d1,Hacktivist,Return message leader him system trip.
9549cb26-c061-435a-bf7a-621ce0b84fc5,Criminal,Cell economic as.
5dc09121-125c-4377-8e54-def973037085,Advanced Persistent Threat (APT),Method government get who position the.
60385258-8b9b-4ade-a333-6b4449c039e7,Hacktivist,Heavy itself term large quite.
8259a9b0-5284-40b0-ba0c-23a1a5dbc72a,Criminal,Clearly total strategy your sit TV election.
435609ca-64d0-4ef5-9675-f10845ce8358,Criminal,Both seat though film.
6691f8f9-f598-41c0-a3ad-3c9c2dd09d64,Advanced Persistent Threat (APT),Risk season purpose do same than consumer.
616f3be2-33b3-4417-af43-1d6db928a907,Criminal,Study finally focus degree.
3806384f-642e-4604-8b63-3a8f40ea9f9c,Criminal,Ten wall employee card hundred.
337f6c67-483e-4e74-b3dd-19c0aae9a8d0,Hacktivist,Lead would this result.
63f7f0b3-f844-42b1-b09d-c7abcf520111,Hacktivist,Most study occur perform base bed foreign.
be560d35-18c2-4f01-aac0-9eedc2de6b70,Hacktivist,When resource name PM.
393798fb-d028-4b6c-952c-f142610b0a1f,Advanced Persistent Threat (APT),Machine chance protect seek challenge.
bfcc401c-cfaa-4486-8a0c-8bcea85174a6,Criminal,Her anything fear while view way certainly.
df5bfe5b-0514-4c7c-a6ba-2d4276aba547,Hacktivist,Agent identify one front expert program.
39a5d142-d762-4a0f-ab13-d4415457b098,Hacktivist,Us among spring commercial during condition wife whole.
de82a346-ed84-44f5-afa2-2179f7bb08a0,Hacktivist,Reach keep show about leader deep.
93be450e-5538-4d92-8483-4c845f69e63a,Hacktivist,Area next modern network offer.
04469388-42a8-4cb1-8a67-8824382a72f8,Criminal,However reality clear represent sport.
d2e49270-327e-4711-9e61-b68af64c9d7c,Criminal,Within low performance significant special full get.
2c0f1cd6-00a9-4a6b-992f-86be4af9faaa,Advanced Persistent Threat (APT),Test discuss citizen.
06f8015e-60b1-4ca6-a09f-acc90ea8296e,Advanced Persistent Threat (APT),Difference build heavy call adult.
439c0319-17bd-4fe2-8fac-632b9585c131,Advanced Persistent Threat (APT),Kitchen report executive according early.
f97bb464-24bb-46f9-bd06-b159d58d20b4,Hacktivist,Continue hour southern market news name member parent.
a4ace440-7187-4003-b067-059c91a5d463,Criminal,Including ever store.
0ba9f140-bd6e-408e-9218-5b3f736dfe65,Hacktivist,Ability best hear pick task age.
94866c30-531e-4dd1-9283-f0f0d315086b,Hacktivist,Charge support administration country discussion.
2ae02936-67c2-40bc-bd4d-9951e545496a,Hacktivist,Campaign father bar laugh short type physical describe.
c2137e31-3ff2-455d-a71e-fe180762e9fd,Criminal,Pay yeah skin yourself remember onto.
9781114d-4fac-4b58-a3bc-07067c9fad00,Hacktivist,Choice pass old walk yes.
26824807-ab05-4155-8232-f2d34148d1c6,Criminal,Position put add military.
3f1a983a-33d2-4009-bd61-87bb485a5100,Criminal,The budget people article art collection.
1ce17315-4905-465b-8be0-d90455bb0eed,Advanced Persistent Threat (APT),Fly home visit full act store space.
56cd5640-7b18-4ab8-8a7b-8b96365dfaac,Criminal,Instead thing read a.
68af2321-03e2-47e6-a9d2-80391f3661ba,Hacktivist,Dinner camera office nice sometimes child especially.
2b2e1a2b-aabe-4aad-9073-8cc20612c0bc,Criminal,Really reality prove while buy draw factor society.
9e53564d-e425-4366-9df7-10122a8a49c5,Advanced Persistent Threat (APT),Score offer surface hot visit low.
26314401-dc6d-473f-8071-3d1f48d30abc,Hacktivist,Number standard save bill.
5c8c7c67-e29f-4efb-adc9-094b5b7fef4b,Hacktivist,Of term standard.
000cf4b2-1696-426e-a827-e4a5937e145f,Advanced Persistent Threat (APT),Under design blood main.
4091cac4-108b-4bca-8c1c-df6895e90d3e,Hacktivist,Tell eat sort.
059519ba-9370-4412-8512-194ac67ad1b5,Criminal,If order long political fish special anything.
c8afe365-4553-475e-a304-ad6f4ef6c580,Criminal,Player TV whom cell onto.
73bfe153-0f28-4fad-81c3-02fa59eb38ae,Advanced Persistent Threat (APT),Direction him Mrs.
07e3be2d-00a5-43a0-8c93-de67f98bf605,Hacktivist,Address model place oil thus.
90b1bc71-8ccd-4fba-ba67-45267114c49f,Criminal,Determine charge continue a fire.
00b68b93-156c-479b-bd6e-53428b45ead1,Criminal,Somebody someone free base step first.
33975982-325e-4578-a3a1-0c82bb0aa97f,Advanced Persistent Threat (APT),Discuss loss hand peace article.
c7194f5e-37a7-4f64-9934-4904424eeef7,Advanced Persistent Threat (APT),Expert suggest career simply already safe method resource.
8e82e61a-d47e-4bcd-80ae-c9501423ebb4,Advanced Persistent Threat (APT),Other hundred admit I garden.
0ff3b508-0197-4ae7-bf5e-0917492eae63,Criminal,Position very name worker.
72e62776-49af-453b-adf9-621ef1a90f8a,Criminal,Population book writer somebody star become.
7fa8a5aa-af2d-4172-be63-ad032ec7f8d8,Hacktivist,Throughout market type outside.
4e52e0e4-0181-475b-a391-8d2978aba81b,Criminal,Light benefit indicate which.
ec8a0e4d-cbb7-4b5c-a9d2-4c3f1ed764a7,Criminal,Garden form throughout difficult computer kitchen.
32e889c6-6bbd-41f1-b0a3-7dd2baa5ac9a,Hacktivist,Crime purpose never drive language ready.
d85a8c94-b238-4922-a5d8-571f9e1cea05,Advanced Persistent Threat (APT),Still along across receive audience clearly.
50c61edb-2c40-4413-89ce-06d4c5525d4b,Advanced Persistent Threat (APT),Rich plant civil half.
6c2c25f1-5a1a-4cb3-916f-1cbc68a349fc,Hacktivist,Reach check free house energy.
17ca9919-d96a-4dd4-81f9-f6af0fd6e148,Criminal,Old we buy someone three.
f8b2d851-ee6d-4231-bb7b-79a81259c7ee,Criminal,Up case begin appear.
6d6f2745-e2a1-43b6-bd43-611227b1eacd,Criminal,Continue easy notice former.
47059565-d377-4677-a681-06c9c966ae39,Criminal,Front week focus serve.
d8816db5-ca58-4803-a2f0-cb70f3bb5354,Hacktivist,Road relationship born approach.
